
Embarcados1-1.elf:     file format elf32-littleriscv
Embarcados1-1.elf
architecture: riscv:rv32, flags 0x00000112:
EXEC_P, HAS_SYMS, D_PAGED
start address 0x00000000

Program Header:
    LOAD off    0x00001000 vaddr 0x00000000 paddr 0x00000000 align 2**12
         filesz 0x00002c90 memsz 0x00002c90 flags r-x
    LOAD off    0x00004000 vaddr 0x20000000 paddr 0x00002c90 align 2**12
         filesz 0x00000200 memsz 0x00000264 flags rw-
    LOAD off    0x00004700 vaddr 0x20000700 paddr 0x20000700 align 2**12
         filesz 0x00000000 memsz 0x00000100 flags rw-

Sections:
Idx Name          Size      VMA       LMA       File off  Algn
  0 .init         000000a0  00000000  00000000  00001000  2**2
                  CONTENTS, ALLOC, LOAD, READONLY, CODE
  1 .highcodelalign 00000000  000000a0  000000a0  00004200  2**0
                  CONTENTS
  2 .highcode     00000000  20000000  20000000  00004200  2**0
                  CONTENTS
  3 .text         00002bf0  000000a0  000000a0  000010a0  2**2
                  CONTENTS, ALLOC, LOAD, READONLY, CODE
  4 .fini         00000000  00002c90  00002c90  00004200  2**0
                  CONTENTS, ALLOC, LOAD, CODE
  5 .dalign       00000000  20000000  20000000  00004200  2**0
                  CONTENTS
  6 .dlalign      00000000  00002c90  00002c90  00004200  2**0
                  CONTENTS
  7 .data         00000200  20000000  00002c90  00004000  2**2
                  CONTENTS, ALLOC, LOAD, DATA
  8 .bss          00000064  20000200  00002e90  00004200  2**2
                  ALLOC
  9 .stack        00000100  20000700  20000700  00004700  2**0
                  ALLOC
 10 .debug_info   0000f581  00000000  00000000  00004200  2**0
                  CONTENTS, READONLY, DEBUGGING
 11 .debug_abbrev 00002848  00000000  00000000  00013781  2**0
                  CONTENTS, READONLY, DEBUGGING
 12 .debug_aranges 00000998  00000000  00000000  00015fd0  2**3
                  CONTENTS, READONLY, DEBUGGING
 13 .debug_ranges 00000940  00000000  00000000  00016968  2**3
                  CONTENTS, READONLY, DEBUGGING
 14 .debug_line   0000c6cd  00000000  00000000  000172a8  2**0
                  CONTENTS, READONLY, DEBUGGING
 15 .debug_str    00002f8f  00000000  00000000  00023975  2**0
                  CONTENTS, READONLY, DEBUGGING
 16 .comment      00000033  00000000  00000000  00026904  2**0
                  CONTENTS, READONLY
 17 .debug_frame  00001ca0  00000000  00000000  00026938  2**2
                  CONTENTS, READONLY, DEBUGGING
 18 .debug_loc    00004502  00000000  00000000  000285d8  2**0
                  CONTENTS, READONLY, DEBUGGING
 19 .stabstr      000000a9  00000000  00000000  0002cada  2**0
                  CONTENTS, READONLY, DEBUGGING
SYMBOL TABLE:
00000000 l    d  .init	00000000 .init
000000a0 l    d  .highcodelalign	00000000 .highcodelalign
20000000 l    d  .highcode	00000000 .highcode
000000a0 l    d  .text	00000000 .text
00002c90 l    d  .fini	00000000 .fini
20000000 l    d  .dalign	00000000 .dalign
00002c90 l    d  .dlalign	00000000 .dlalign
20000000 l    d  .data	00000000 .data
20000200 l    d  .bss	00000000 .bss
20000700 l    d  .stack	00000000 .stack
00000000 l    d  .debug_info	00000000 .debug_info
00000000 l    d  .debug_abbrev	00000000 .debug_abbrev
00000000 l    d  .debug_aranges	00000000 .debug_aranges
00000000 l    d  .debug_ranges	00000000 .debug_ranges
00000000 l    d  .debug_line	00000000 .debug_line
00000000 l    d  .debug_str	00000000 .debug_str
00000000 l    d  .comment	00000000 .comment
00000000 l    d  .debug_frame	00000000 .debug_frame
00000000 l    d  .debug_loc	00000000 .debug_loc
00000000 l    d  .stabstr	00000000 .stabstr
00000000 l    df *ABS*	00000000 ch32v00x_it.c
00000000 l    df *ABS*	00000000 main.c
20000214 l     O .bss	00000004 PROTECAO_ATIVA.4090
2000023c l     O .bss	00000004 V_PID.4091
20000250 l     O .bss	00000004 erro.4089
20000254 l     O .bss	00000004 integral.4088
00000000 l    df *ABS*	00000000 system_ch32v00x.c
00000000 l    df *ABS*	00000000 ch32v00x_adc.c
00000000 l    df *ABS*	00000000 ch32v00x_dma.c
00000000 l    df *ABS*	00000000 ch32v00x_flash.c
00000000 l    df *ABS*	00000000 ch32v00x_gpio.c
00000000 l    df *ABS*	00000000 ch32v00x_misc.c
00000000 l    df *ABS*	00000000 ch32v00x_opa.c
00000000 l    df *ABS*	00000000 ch32v00x_rcc.c
20000004 l     O .data	00000014 ADCPrescTable
20000018 l     O .data	00000010 APBAHBPrescTable
00000000 l    df *ABS*	00000000 ch32v00x_tim.c
00000000 l    df *ABS*	00000000 ch32v00x_usart.c
00000000 l    df *ABS*	00000000 debug.c
2000025c l     O .bss	00000002 p_ms
2000025e l     O .bss	00000001 p_us
20000028 l     O .data	00000004 curbrk.4091
00000000 l    df *ABS*	00000000 wchprintf.c
00000000 l    df *ABS*	00000000 sscanf.c
00000000 l    df *ABS*	00000000 stdio.c
00000000 l    df *ABS*	00000000 strlen.c
00000000 l    df *ABS*	00000000 nano-vfscanf.c
00000000 l    df *ABS*	00000000 nano-vfscanf_i.c
00000000 l    df *ABS*	00000000 sccl.c
00000000 l    df *ABS*	00000000 strtol.c
000023f8 l     F .text	00000166 _strtol_l.isra.0
00000000 l    df *ABS*	00000000 strtoul.c
00002576 l     F .text	00000158 _strtoul_l.isra.0
00000000 l    df *ABS*	00000000 ungetc.c
00000000 l    df *ABS*	00000000 locale.c
00000000 l    df *ABS*	00000000 mbtowc_r.c
00000000 l    df *ABS*	00000000 memchr.c
00000000 l    df *ABS*	00000000 memcpy.c
00000000 l    df *ABS*	00000000 nano-mallocr.c
00000000 l    df *ABS*	00000000 nano-mallocr.c
00000000 l    df *ABS*	00000000 nano-mallocr.c
00000000 l    df *ABS*	00000000 sbrkr.c
00000000 l    df *ABS*	00000000 wctomb_r.c
00000000 l    df *ABS*	00000000 mlock.c
00000000 l    df *ABS*	00000000 nano-mallocr.c
00000000 l    df *ABS*	00000000 findfp.c
00000000 l    df *ABS*	00000000 ctype_.c
00000000 l    df *ABS*	00000000 impure.c
2000002c l     O .data	00000060 impure_data
00000000 l    df *ABS*	00000000 reent.c
00000000 l    df *ABS*	00000000 close.c
0000181e  w    F .text	00000004 printDouble
00002ab6 g     F .text	00000014 _malloc_usable_size_r
20000244 g     O .bss	00000004 V_recebido
0000203e g     F .text	000000d4 _scanf_chars
00000d00 g     F .text	0000001a FLASH_Unlock
00001064 g     F .text	00000024 RCC_PLLCmd
00000cc6 g     F .text	00000014 DMA_Cmd
00001822  w    F .text	00000352 print
200009f8 g       .data	00000000 __global_pointer$
000009ca  w      .text	00000000 TIM1_CC_IRQHandler
20000228 g     O .bss	00000004 Rx_pronto
000001f4 g     F .text	00000010 HardFault_Handler
0000170c  w    F .text	0000010e printInt
00002ab4 g     F .text	00000002 __malloc_unlock
00000af8 g     F .text	00000012 ADC_DMACmd
000009ca  w      .text	00000000 SysTick_Handler
00000b1c g     F .text	0000000a ADC_StartCalibration
00000402 g     F .text	00000020 Custom_Option_Byte_CFG
00000fa2 g     F .text	00000062 NVIC_Init
000009ca  w      .text	00000000 PVD_IRQHandler
00002764 g     F .text	0000001c __locale_ctype_ptr
000001f2 g     F .text	00000002 NMI_Handler
000014f2 g     F .text	0000000a USART_GetFlagStatus
20000260 g     O .bss	00000004 errno
00002112 g     F .text	00000264 _scanf_i
00001bea g     F .text	00000004 __seofread
20000200 g       .bss	00000000 _sbss
00000100 g       *ABS*	00000000 __stack_size
00001088 g     F .text	00000040 RCC_SYSCLKConfig
00000c8e g     F .text	00000038 DMA_Init
0000063e g     F .text	00000080 Custom_PWM_CFG
00000cf0 g     F .text	00000008 DMA_GetCurrDataCounter
000000aa g     F .text	0000000a .hidden __riscv_restore_2
00001368 g     F .text	00000016 TIM_CtrlPWMOutputs
000027ca g     F .text	000000d2 memcpy
00000ae8 g     F .text	00000010 ADC_Cmd
00000ed8 g     F .text	000000c4 GPIO_PinRemapConfig
0000181a  w    F .text	00000004 printLongLongInt
20000240 g     O .bss	00000002 V_lido
00001350 g     F .text	00000018 TIM_Cmd
20000000 g     O .data	00000004 SystemCoreClock
000000d4 g     F .text	0000002c .hidden __udivsi3
000000a0 g       .init	00000000 _einit
00000cec g     F .text	00000004 DMA_SetCurrDataCounter
0000119c g     F .text	0000001e RCC_APB2PeriphClockCmd
00001c96 g     F .text	00000044 __ssrefill_r
00000e4c g     F .text	0000007c GPIO_Init
000010c8 g     F .text	00000014 RCC_ADCCLKConfig
20000258 g     O .bss	00000004 NVIC_Priority_Group
000009ca  w      .text	00000000 SPI1_IRQHandler
00000b0a g     F .text	0000000a ADC_ResetCalibration
0000148c g     F .text	00000016 USART_Cmd
00002a6a g     F .text	0000002a _sbrk_r
000000a0 g     F .text	0000000a .hidden __riscv_save_1
00000be8 g     F .text	00000014 ADC_Calibration_Vol
000000aa g     F .text	0000000a .hidden __riscv_restore_0
000009ca  w      .text	00000000 AWU_IRQHandler
000012bc g     F .text	00000094 TIM_OC3Init
000009ca  w      .text	00000000 EXTI7_0_IRQHandler
000002fe g     F .text	00000076 Verifica_RX
00000cf8 g     F .text	00000008 DMA_ClearITPendingBit
00001cda g     F .text	00000364 __ssvfscanf_r
00001026 g     F .text	0000002c OPA_Cmd
00000de6 g     F .text	00000066 FLASH_UserOptionByteConfig
20000700 g       .stack	00000000 _heap_end
00002a1c g     F .text	0000004e _realloc_r
00000460 g     F .text	00000064 Custom_OPA1_CFG
0000117e g     F .text	0000001e RCC_AHBPeriphClockCmd
000009ca  w      .text	00000000 DMA1_Channel4_IRQHandler
00000b2e g     F .text	000000ba ADC_RegularChannelConfig
000009ca  w      .text	00000000 ADC1_IRQHandler
000015b8 g     F .text	00000026 _sbrk
20000248 g     O .bss	00000004 V_ref
00000d1a g     F .text	0000000e FLASH_Lock
000004c4 g     F .text	0000017a Custom_ADC_CFG
2000020a g     O .bss	00000002 I_lido
00000b26 g     F .text	00000008 ADC_GetCalibrationStatus
20000264 g       .bss	00000000 _ebss
000014fc g     F .text	0000003c USART_GetITStatus
00000d6c g     F .text	0000007a FLASH_EraseOptionBytes
000009ca  w      .text	00000000 DMA1_Channel7_IRQHandler
000013ae g     F .text	0000000e TIM_OC3PreloadConfig
20000208 g     O .bss	00000002 ADC_COMPLETE
00000b14 g     F .text	00000008 ADC_GetResetCalibrationStatus
00001538 g     F .text	00000034 Delay_Init
0000137e g     F .text	0000001a TIM_ARRPreloadConfig
00000100 g     F .text	00000008 .hidden __umodsi3
00002b18 g     O .text	00000020 __sf_fake_stderr
000009ca  w      .text	00000000 I2C1_EV_IRQHandler
000010dc g     F .text	000000a2 RCC_GetClocksFreq
000009ca  w      .text	00000000 DMA1_Channel6_IRQHandler
000027b2 g     F .text	00000018 memchr
000013c0 g     F .text	000000cc USART_Init
0000289c g     F .text	000000ac _free_r
000009ca  w      .text	00000000 RCC_IRQHandler
000009ca  w      .text	00000000 TIM1_TRG_COM_IRQHandler
00000374 g     F .text	00000028 DMA1_Channel1_IRQHandler
00001c00 g     F .text	00000096 _sungetc_r
00000000 g       .init	00000000 _start
00000d4c g     F .text	00000020 FLASH_WaitForLastOperation
00001398 g     F .text	00000016 TIM_OC2PreloadConfig
00001626  w    F .text	000000e6 prints
00001226 g     F .text	00000096 TIM_OC2Init
000014a2 g     F .text	00000036 USART_ITConfig
20000000 g       .highcode	00000000 _highcode_vma_start
000000b4 g     F .text	00000014 .hidden __mulsi3
000006be g     F .text	0000015e Custom_USARTx_CFG
000026ce g     F .text	00000018 _strtoul_r
20000000 g       .dalign	00000000 _data_vma
000013bc g     F .text	00000004 TIM_SetCompare3
00000204 g     F .text	000000fa ControleBuck
00001b9a g     F .text	00000050 sscanf
00001004 g     F .text	00000022 OPA_Init
00002ab2 g     F .text	00000002 __malloc_lock
00002b38 g     O .text	00000020 __sf_fake_stdin
20000218 g     O .bss	00000010 RxBuffer
0000014a g     F .text	000000a8 memset
00001052 g     F .text	00000012 RCC_AdjustHSICalibrationValue
0000081c g     F .text	0000007a main
0000255e g     F .text	00000018 _strtol_r
00002948 g     F .text	000000d4 _malloc_r
00002a94 g     F .text	0000001e __ascii_wctomb
000026e6 g     F .text	00000078 __submore
000009ca  w      .text	00000000 DMA1_Channel5_IRQHandler
000000cc g     F .text	00000058 .hidden __divsi3
00001b9a g     F .text	00000050 siscanf
2000022c g     O .bss	00000010 TxBuffer
000000a0 g       .highcodelalign	00000000 _highcode_lma
00000896 g     F .text	00000134 SystemInit
000015de  w    F .text	00000048 printchar
00001b74 g     F .text	00000026 sprintf
00000000 g       .init	00000000 _sinit
000009ca  w      .text	00000000 DMA1_Channel3_IRQHandler
200001f8 g     O .data	00000004 _impure_ptr
000009ca  w      .text	00000000 TIM1_UP_IRQHandler
000009ca  w      .text	00000000 WWDG_IRQHandler
00002780 g     F .text	00000032 __ascii_mbtowc
00000cda g     F .text	00000012 DMA_ITConfig
000009ca  w      .text	00000000 TIM2_IRQHandler
20000800 g       .stack	00000000 _eusrstack
000000a0 g     F .text	0000000a .hidden __riscv_save_2
000009ca  w      .text	00000000 SW_Handler
2000020c g     O .bss	00000004 I_recebido
2000024c g     O .bss	00000004 adc_buf
00001cda g     F .text	00000364 __ssvfiscanf_r
00000a74 g     F .text	00000026 ADC_DeInit
00000d28 g     F .text	0000000c FLASH_GetReadOutProtectionStatus
000009ca  w      .text	00000000 TIM1_BRK_IRQHandler
00000a9a g     F .text	0000004e ADC_Init
000014ea g     F .text	00000008 USART_SendData
0000156c g     F .text	0000004c _write
20000200 g       .data	00000000 _edata
20000264 g       .bss	00000000 _end
20000000 g       .highcode	00000000 _highcode_vma_end
000011d8 g     F .text	0000004e TIM_TimeBaseInit
00002c90 g       .dlalign	00000000 _data_lma
00000124 g     F .text	00000024 .hidden __modsi3
000009ca  w      .text	00000000 DMA1_Channel2_IRQHandler
00002b58 g     O .text	00000020 __sf_fake_stdout
00002376 g     F .text	00000082 __sccl
00002b8c g     O .text	00000101 _ctype_
000009cc  w      .text	00000000 handle_reset
000009ca  w      .text	00000000 FLASH_IRQHandler
000000a0 g     F .text	0000000a .hidden __riscv_save_0
00000ec8 g     F .text	00000010 GPIO_PinLockConfig
0000039c g     F .text	00000066 USART1_IRQHandler
00001bee g     F .text	00000012 strlen
0000275e g     F .text	00000006 __locale_ctype_ptr_l
20000204 g     O .bss	00000004 __malloc_sbrk_start
20000210 g     O .bss	00000004 I_ref
000011ba g     F .text	0000001e RCC_APB2PeriphResetCmd
000009ca  w      .text	00000000 I2C1_ER_IRQHandler
00000422 g     F .text	0000003e Custom_TIM1_CFG
00000f9c g     F .text	00000006 NVIC_PriorityGroupConfig
00000bfc g     F .text	00000092 DMA_DeInit
20000200 g     O .bss	00000004 __malloc_free_list
000000aa g     F .text	0000000a .hidden __riscv_restore_1
00000d34 g     F .text	00000018 FLASH_GetBank1Status
000014d8 g     F .text	00000012 USART_DMACmd
2000008c g     O .data	0000016c __global_locale



Disassembly of section .init:

00000000 <_sinit>:
   0:	1cd0006f          	j	9cc <handle_reset>
   4:	0000                	unimp
   6:	0000                	unimp
   8:	01f2                	slli	gp,gp,0x1c
   a:	0000                	unimp
   c:	01f4                	addi	a3,sp,204
	...
  2e:	0000                	unimp
  30:	09ca                	slli	s3,s3,0x12
  32:	0000                	unimp
  34:	0000                	unimp
  36:	0000                	unimp
  38:	09ca                	slli	s3,s3,0x12
  3a:	0000                	unimp
  3c:	0000                	unimp
  3e:	0000                	unimp
  40:	09ca                	slli	s3,s3,0x12
  42:	0000                	unimp
  44:	09ca                	slli	s3,s3,0x12
  46:	0000                	unimp
  48:	09ca                	slli	s3,s3,0x12
  4a:	0000                	unimp
  4c:	09ca                	slli	s3,s3,0x12
  4e:	0000                	unimp
  50:	09ca                	slli	s3,s3,0x12
  52:	0000                	unimp
  54:	09ca                	slli	s3,s3,0x12
  56:	0000                	unimp
  58:	0374                	addi	a3,sp,396
  5a:	0000                	unimp
  5c:	09ca                	slli	s3,s3,0x12
  5e:	0000                	unimp
  60:	09ca                	slli	s3,s3,0x12
  62:	0000                	unimp
  64:	09ca                	slli	s3,s3,0x12
  66:	0000                	unimp
  68:	09ca                	slli	s3,s3,0x12
  6a:	0000                	unimp
  6c:	09ca                	slli	s3,s3,0x12
  6e:	0000                	unimp
  70:	09ca                	slli	s3,s3,0x12
  72:	0000                	unimp
  74:	09ca                	slli	s3,s3,0x12
  76:	0000                	unimp
  78:	09ca                	slli	s3,s3,0x12
  7a:	0000                	unimp
  7c:	09ca                	slli	s3,s3,0x12
  7e:	0000                	unimp
  80:	039c                	addi	a5,sp,448
  82:	0000                	unimp
  84:	09ca                	slli	s3,s3,0x12
  86:	0000                	unimp
  88:	09ca                	slli	s3,s3,0x12
  8a:	0000                	unimp
  8c:	09ca                	slli	s3,s3,0x12
  8e:	0000                	unimp
  90:	09ca                	slli	s3,s3,0x12
  92:	0000                	unimp
  94:	09ca                	slli	s3,s3,0x12
  96:	0000                	unimp
  98:	09ca                	slli	s3,s3,0x12
  9a:	0000                	unimp
  9c:	0000                	unimp
	...

Disassembly of section .text:

000000a0 <__riscv_save_0>:
      a0:	1151                	addi	sp,sp,-12
      a2:	c026                	sw	s1,0(sp)
      a4:	c222                	sw	s0,4(sp)
      a6:	c406                	sw	ra,8(sp)
      a8:	8282                	jr	t0

000000aa <__riscv_restore_0>:
      aa:	4482                	lw	s1,0(sp)
      ac:	4412                	lw	s0,4(sp)
      ae:	40a2                	lw	ra,8(sp)
      b0:	0131                	addi	sp,sp,12
      b2:	8082                	ret

000000b4 <__mulsi3>:
      b4:	862a                	mv	a2,a0
      b6:	4501                	li	a0,0
      b8:	0015f693          	andi	a3,a1,1
      bc:	c291                	beqz	a3,c0 <__mulsi3+0xc>
      be:	9532                	add	a0,a0,a2
      c0:	8185                	srli	a1,a1,0x1
      c2:	0606                	slli	a2,a2,0x1
      c4:	f9f5                	bnez	a1,b8 <__mulsi3+0x4>
      c6:	8082                	ret
      c8:	0000                	unimp
	...

000000cc <__divsi3>:
      cc:	02054e63          	bltz	a0,108 <__umodsi3+0x8>
      d0:	0405c363          	bltz	a1,116 <__umodsi3+0x16>

000000d4 <__udivsi3>:
      d4:	862e                	mv	a2,a1
      d6:	85aa                	mv	a1,a0
      d8:	557d                	li	a0,-1
      da:	c215                	beqz	a2,fe <__udivsi3+0x2a>
      dc:	4685                	li	a3,1
      de:	00b67863          	bgeu	a2,a1,ee <__udivsi3+0x1a>
      e2:	00c05663          	blez	a2,ee <__udivsi3+0x1a>
      e6:	0606                	slli	a2,a2,0x1
      e8:	0686                	slli	a3,a3,0x1
      ea:	feb66ce3          	bltu	a2,a1,e2 <__udivsi3+0xe>
      ee:	4501                	li	a0,0
      f0:	00c5e463          	bltu	a1,a2,f8 <__udivsi3+0x24>
      f4:	8d91                	sub	a1,a1,a2
      f6:	8d55                	or	a0,a0,a3
      f8:	8285                	srli	a3,a3,0x1
      fa:	8205                	srli	a2,a2,0x1
      fc:	faf5                	bnez	a3,f0 <__udivsi3+0x1c>
      fe:	8082                	ret

00000100 <__umodsi3>:
     100:	8286                	mv	t0,ra
     102:	3fc9                	jal	d4 <__udivsi3>
     104:	852e                	mv	a0,a1
     106:	8282                	jr	t0
     108:	40a00533          	neg	a0,a0
     10c:	0005d763          	bgez	a1,11a <__umodsi3+0x1a>
     110:	40b005b3          	neg	a1,a1
     114:	b7c1                	j	d4 <__udivsi3>
     116:	40b005b3          	neg	a1,a1
     11a:	8286                	mv	t0,ra
     11c:	3f65                	jal	d4 <__udivsi3>
     11e:	40a00533          	neg	a0,a0
     122:	8282                	jr	t0

00000124 <__modsi3>:
     124:	8286                	mv	t0,ra
     126:	0005c763          	bltz	a1,134 <__modsi3+0x10>
     12a:	00054963          	bltz	a0,13c <__modsi3+0x18>
     12e:	375d                	jal	d4 <__udivsi3>
     130:	852e                	mv	a0,a1
     132:	8282                	jr	t0
     134:	40b005b3          	neg	a1,a1
     138:	fe055be3          	bgez	a0,12e <__modsi3+0xa>
     13c:	40a00533          	neg	a0,a0
     140:	3f51                	jal	d4 <__udivsi3>
     142:	40b00533          	neg	a0,a1
     146:	8282                	jr	t0
	...

0000014a <memset>:
     14a:	433d                	li	t1,15
     14c:	872a                	mv	a4,a0
     14e:	02c37363          	bgeu	t1,a2,174 <memset+0x2a>
     152:	00f77793          	andi	a5,a4,15
     156:	efbd                	bnez	a5,1d4 <memset+0x8a>
     158:	e5ad                	bnez	a1,1c2 <memset+0x78>
     15a:	ff067693          	andi	a3,a2,-16
     15e:	8a3d                	andi	a2,a2,15
     160:	96ba                	add	a3,a3,a4
     162:	c30c                	sw	a1,0(a4)
     164:	c34c                	sw	a1,4(a4)
     166:	c70c                	sw	a1,8(a4)
     168:	c74c                	sw	a1,12(a4)
     16a:	0741                	addi	a4,a4,16
     16c:	fed76be3          	bltu	a4,a3,162 <memset+0x18>
     170:	e211                	bnez	a2,174 <memset+0x2a>
     172:	8082                	ret
     174:	40c306b3          	sub	a3,t1,a2
     178:	068a                	slli	a3,a3,0x2
     17a:	00000297          	auipc	t0,0x0
     17e:	9696                	add	a3,a3,t0
     180:	00a68067          	jr	10(a3)
     184:	00b70723          	sb	a1,14(a4)
     188:	00b706a3          	sb	a1,13(a4)
     18c:	00b70623          	sb	a1,12(a4)
     190:	00b705a3          	sb	a1,11(a4)
     194:	00b70523          	sb	a1,10(a4)
     198:	00b704a3          	sb	a1,9(a4)
     19c:	00b70423          	sb	a1,8(a4)
     1a0:	00b703a3          	sb	a1,7(a4)
     1a4:	00b70323          	sb	a1,6(a4)
     1a8:	00b702a3          	sb	a1,5(a4)
     1ac:	00b70223          	sb	a1,4(a4)
     1b0:	00b701a3          	sb	a1,3(a4)
     1b4:	00b70123          	sb	a1,2(a4)
     1b8:	00b700a3          	sb	a1,1(a4)
     1bc:	00b70023          	sb	a1,0(a4)
     1c0:	8082                	ret
     1c2:	0ff5f593          	andi	a1,a1,255
     1c6:	00859693          	slli	a3,a1,0x8
     1ca:	8dd5                	or	a1,a1,a3
     1cc:	01059693          	slli	a3,a1,0x10
     1d0:	8dd5                	or	a1,a1,a3
     1d2:	b761                	j	15a <memset+0x10>
     1d4:	00279693          	slli	a3,a5,0x2
     1d8:	00000297          	auipc	t0,0x0
     1dc:	9696                	add	a3,a3,t0
     1de:	8286                	mv	t0,ra
     1e0:	fa8680e7          	jalr	-88(a3)
     1e4:	8096                	mv	ra,t0
     1e6:	17c1                	addi	a5,a5,-16
     1e8:	8f1d                	sub	a4,a4,a5
     1ea:	963e                	add	a2,a2,a5
     1ec:	f8c374e3          	bgeu	t1,a2,174 <memset+0x2a>
     1f0:	b7a5                	j	158 <memset+0xe>

000001f2 <NMI_Handler>:
     1f2:	a001                	j	1f2 <NMI_Handler>

000001f4 <HardFault_Handler>:
     1f4:	beef07b7          	lui	a5,0xbeef0
     1f8:	e000e737          	lui	a4,0xe000e
     1fc:	08078793          	addi	a5,a5,128 # beef0080 <__global_pointer$+0x9eeef688>
     200:	c73c                	sw	a5,72(a4)
     202:	a001                	j	202 <HardFault_Handler+0xe>

00000204 <ControleBuck>:
     204:	e9dff2ef          	jal	t0,a0 <__riscv_save_0>
     208:	1171                	addi	sp,sp,-4
     20a:	c002                	sw	zero,0(sp)
     20c:	8121d703          	lhu	a4,-2030(gp) # 2000020a <I_lido>
     210:	8181a783          	lw	a5,-2024(gp) # 20000210 <I_ref>
     214:	00e7b7b3          	sltu	a5,a5,a4
     218:	81c18713          	addi	a4,gp,-2020 # 20000214 <PROTECAO_ATIVA.4090>
     21c:	c31c                	sw	a5,0(a4)
     21e:	4314                	lw	a3,0(a4)
     220:	81c18613          	addi	a2,gp,-2020 # 20000214 <PROTECAO_ATIVA.4090>
     224:	85c18713          	addi	a4,gp,-1956 # 20000254 <integral.4088>
     228:	84418793          	addi	a5,gp,-1980 # 2000023c <V_PID.4091>
     22c:	c6ad                	beqz	a3,296 <ControleBuck+0x92>
     22e:	430c                	lw	a1,0(a4)
     230:	4314                	lw	a3,0(a4)
     232:	858d                	srai	a1,a1,0x3
     234:	8e8d                	sub	a3,a3,a1
     236:	c314                	sw	a3,0(a4)
     238:	438c                	lw	a1,0(a5)
     23a:	02800693          	li	a3,40
     23e:	00b6f763          	bgeu	a3,a1,24c <ControleBuck+0x48>
     242:	4394                	lw	a3,0(a5)
     244:	fd868693          	addi	a3,a3,-40
     248:	c394                	sw	a3,0(a5)
     24a:	a019                	j	250 <ControleBuck+0x4c>
     24c:	0007a023          	sw	zero,0(a5)
     250:	439c                	lw	a5,0(a5)
     252:	8481d683          	lhu	a3,-1976(gp) # 20000240 <V_lido>
     256:	8f95                	sub	a5,a5,a3
     258:	85818693          	addi	a3,gp,-1960 # 20000250 <erro.4089>
     25c:	c29c                	sw	a5,0(a3)
     25e:	4288                	lw	a0,0(a3)
     260:	430c                	lw	a1,0(a4)
     262:	00151793          	slli	a5,a0,0x1
     266:	97aa                	add	a5,a5,a0
     268:	058a                	slli	a1,a1,0x2
     26a:	0786                	slli	a5,a5,0x1
     26c:	97ae                	add	a5,a5,a1
     26e:	8791                	srai	a5,a5,0x4
     270:	c03e                	sw	a5,0(sp)
     272:	4582                	lw	a1,0(sp)
     274:	479d                	li	a5,7
     276:	04b7c663          	blt	a5,a1,2c2 <ControleBuck+0xbe>
     27a:	c002                	sw	zero,0(sp)
     27c:	4582                	lw	a1,0(sp)
     27e:	40013537          	lui	a0,0x40013
     282:	c0050513          	addi	a0,a0,-1024 # 40012c00 <__global_pointer$+0x20012208>
     286:	05c2                	slli	a1,a1,0x10
     288:	81c1                	srli	a1,a1,0x10
     28a:	132010ef          	jal	ra,13bc <TIM_SetCompare3>
     28e:	80019823          	sh	zero,-2032(gp) # 20000208 <ADC_COMPLETE>
     292:	0111                	addi	sp,sp,4
     294:	bd19                	j	aa <__riscv_restore_0>
     296:	438c                	lw	a1,0(a5)
     298:	8501a683          	lw	a3,-1968(gp) # 20000248 <V_ref>
     29c:	00d5f963          	bgeu	a1,a3,2ae <ControleBuck+0xaa>
     2a0:	438c                	lw	a1,0(a5)
     2a2:	05a9                	addi	a1,a1,10
     2a4:	c38c                	sw	a1,0(a5)
     2a6:	438c                	lw	a1,0(a5)
     2a8:	fab6f4e3          	bgeu	a3,a1,250 <ControleBuck+0x4c>
     2ac:	bf71                	j	248 <ControleBuck+0x44>
     2ae:	438c                	lw	a1,0(a5)
     2b0:	fab6f0e3          	bgeu	a3,a1,250 <ControleBuck+0x4c>
     2b4:	438c                	lw	a1,0(a5)
     2b6:	15d9                	addi	a1,a1,-10
     2b8:	c38c                	sw	a1,0(a5)
     2ba:	438c                	lw	a1,0(a5)
     2bc:	f8d5fae3          	bgeu	a1,a3,250 <ControleBuck+0x4c>
     2c0:	b761                	j	248 <ControleBuck+0x44>
     2c2:	4582                	lw	a1,0(sp)
     2c4:	1a400793          	li	a5,420
     2c8:	00b7d663          	bge	a5,a1,2d4 <ControleBuck+0xd0>
     2cc:	1e000793          	li	a5,480
     2d0:	c03e                	sw	a5,0(sp)
     2d2:	b76d                	j	27c <ControleBuck+0x78>
     2d4:	421c                	lw	a5,0(a2)
     2d6:	f3dd                	bnez	a5,27c <ControleBuck+0x78>
     2d8:	4294                	lw	a3,0(a3)
     2da:	431c                	lw	a5,0(a4)
     2dc:	97b6                	add	a5,a5,a3
     2de:	c31c                	sw	a5,0(a4)
     2e0:	4314                	lw	a3,0(a4)
     2e2:	6785                	lui	a5,0x1
     2e4:	bb878793          	addi	a5,a5,-1096 # bb8 <ADC_RegularChannelConfig+0x8a>
     2e8:	00d7d463          	bge	a5,a3,2f0 <ControleBuck+0xec>
     2ec:	c31c                	sw	a5,0(a4)
     2ee:	b779                	j	27c <ControleBuck+0x78>
     2f0:	4314                	lw	a3,0(a4)
     2f2:	77fd                	lui	a5,0xfffff
     2f4:	44878793          	addi	a5,a5,1096 # fffff448 <__global_pointer$+0xdfffea50>
     2f8:	f8f6d2e3          	bge	a3,a5,27c <ControleBuck+0x78>
     2fc:	bfc5                	j	2ec <ControleBuck+0xe8>

000002fe <Verifica_RX>:
     2fe:	da3ff2ef          	jal	t0,a0 <__riscv_save_0>
     302:	40020537          	lui	a0,0x40020
     306:	05850513          	addi	a0,a0,88 # 40020058 <__global_pointer$+0x2001f660>
     30a:	1e7000ef          	jal	ra,cf0 <DMA_GetCurrDataCounter>
     30e:	47c1                	li	a5,16
     310:	8f89                	sub	a5,a5,a0
     312:	0ff7f793          	andi	a5,a5,255
     316:	473d                	li	a4,15
     318:	00f77663          	bgeu	a4,a5,324 <Verifica_RX+0x26>
     31c:	82018793          	addi	a5,gp,-2016 # 20000218 <RxBuffer>
     320:	000787a3          	sb	zero,15(a5)
     324:	000035b7          	lui	a1,0x3
     328:	81418413          	addi	s0,gp,-2028 # 2000020c <I_recebido>
     32c:	84c18493          	addi	s1,gp,-1972 # 20000244 <V_recebido>
     330:	81418693          	addi	a3,gp,-2028 # 2000020c <I_recebido>
     334:	84c18613          	addi	a2,gp,-1972 # 20000244 <V_recebido>
     338:	acc58593          	addi	a1,a1,-1332 # 2acc <_malloc_usable_size_r+0x16>
     33c:	82018513          	addi	a0,gp,-2016 # 20000218 <RxBuffer>
     340:	05b010ef          	jal	ra,1b9a <siscanf>
     344:	4789                	li	a5,2
     346:	00f51863          	bne	a0,a5,356 <Verifica_RX+0x58>
     34a:	4098                	lw	a4,0(s1)
     34c:	84e1a823          	sw	a4,-1968(gp) # 20000248 <V_ref>
     350:	4018                	lw	a4,0(s0)
     352:	80e1ac23          	sw	a4,-2024(gp) # 20000210 <I_ref>
     356:	40020437          	lui	s0,0x40020
     35a:	05840513          	addi	a0,s0,88 # 40020058 <__global_pointer$+0x2001f660>
     35e:	45c1                	li	a1,16
     360:	18d000ef          	jal	ra,cec <DMA_SetCurrDataCounter>
     364:	4585                	li	a1,1
     366:	05840513          	addi	a0,s0,88
     36a:	15d000ef          	jal	ra,cc6 <DMA_Cmd>
     36e:	8201a823          	sw	zero,-2000(gp) # 20000228 <Rx_pronto>
     372:	bb25                	j	aa <__riscv_restore_0>

00000374 <DMA1_Channel1_IRQHandler>:
     374:	4509                	li	a0,2
     376:	183000ef          	jal	ra,cf8 <DMA_ClearITPendingBit>
     37a:	85418793          	addi	a5,gp,-1964 # 2000024c <adc_buf>
     37e:	239a                	lhu	a4,0(a5)
     380:	0742                	slli	a4,a4,0x10
     382:	8341                	srli	a4,a4,0x10
     384:	84e19423          	sh	a4,-1976(gp) # 20000240 <V_lido>
     388:	23be                	lhu	a5,2(a5)
     38a:	07c2                	slli	a5,a5,0x10
     38c:	83c1                	srli	a5,a5,0x10
     38e:	80f19923          	sh	a5,-2030(gp) # 2000020a <I_lido>
     392:	4705                	li	a4,1
     394:	80e19823          	sh	a4,-2032(gp) # 20000208 <ADC_COMPLETE>
     398:	30200073          	mret

0000039c <USART1_IRQHandler>:
     39c:	fd410113          	addi	sp,sp,-44
     3a0:	cc22                	sw	s0,24(sp)
     3a2:	40014437          	lui	s0,0x40014
     3a6:	ca2a                	sw	a0,20(sp)
     3a8:	c82e                	sw	a1,16(sp)
     3aa:	80040513          	addi	a0,s0,-2048 # 40013800 <__global_pointer$+0x20012e08>
     3ae:	42400593          	li	a1,1060
     3b2:	d406                	sw	ra,40(sp)
     3b4:	d216                	sw	t0,36(sp)
     3b6:	d01a                	sw	t1,32(sp)
     3b8:	ce1e                	sw	t2,28(sp)
     3ba:	c632                	sw	a2,12(sp)
     3bc:	c436                	sw	a3,8(sp)
     3be:	c23a                	sw	a4,4(sp)
     3c0:	c03e                	sw	a5,0(sp)
     3c2:	13a010ef          	jal	ra,14fc <USART_GetITStatus>
     3c6:	cd19                	beqz	a0,3e4 <USART1_IRQHandler+0x48>
     3c8:	40020537          	lui	a0,0x40020
     3cc:	4581                	li	a1,0
     3ce:	05850513          	addi	a0,a0,88 # 40020058 <__global_pointer$+0x2001f660>
     3d2:	0f5000ef          	jal	ra,cc6 <DMA_Cmd>
     3d6:	4705                	li	a4,1
     3d8:	82e1a823          	sw	a4,-2000(gp) # 20000228 <Rx_pronto>
     3dc:	80045703          	lhu	a4,-2048(s0)
     3e0:	80445783          	lhu	a5,-2044(s0)
     3e4:	4462                	lw	s0,24(sp)
     3e6:	50a2                	lw	ra,40(sp)
     3e8:	5292                	lw	t0,36(sp)
     3ea:	5302                	lw	t1,32(sp)
     3ec:	43f2                	lw	t2,28(sp)
     3ee:	4552                	lw	a0,20(sp)
     3f0:	45c2                	lw	a1,16(sp)
     3f2:	4632                	lw	a2,12(sp)
     3f4:	46a2                	lw	a3,8(sp)
     3f6:	4712                	lw	a4,4(sp)
     3f8:	4782                	lw	a5,0(sp)
     3fa:	02c10113          	addi	sp,sp,44
     3fe:	30200073          	mret

00000402 <Custom_Option_Byte_CFG>:
     402:	c9fff2ef          	jal	t0,a0 <__riscv_save_0>
     406:	0fb000ef          	jal	ra,d00 <FLASH_Unlock>
     40a:	163000ef          	jal	ra,d6c <FLASH_EraseOptionBytes>
     40e:	02000693          	li	a3,32
     412:	4661                	li	a2,24
     414:	4591                	li	a1,4
     416:	4505                	li	a0,1
     418:	1cf000ef          	jal	ra,de6 <FLASH_UserOptionByteConfig>
     41c:	0ff000ef          	jal	ra,d1a <FLASH_Lock>
     420:	b169                	j	aa <__riscv_restore_0>

00000422 <Custom_TIM1_CFG>:
     422:	c7fff2ef          	jal	t0,a0 <__riscv_save_0>
     426:	6505                	lui	a0,0x1
     428:	1151                	addi	sp,sp,-12
     42a:	4585                	li	a1,1
     42c:	80050513          	addi	a0,a0,-2048 # 800 <Custom_USARTx_CFG+0x142>
     430:	40013437          	lui	s0,0x40013
     434:	c002                	sw	zero,0(sp)
     436:	c202                	sw	zero,4(sp)
     438:	00011423          	sh	zero,8(sp)
     43c:	561000ef          	jal	ra,119c <RCC_APB2PeriphClockCmd>
     440:	1df00793          	li	a5,479
     444:	858a                	mv	a1,sp
     446:	c0040513          	addi	a0,s0,-1024 # 40012c00 <__global_pointer$+0x20012208>
     44a:	c23e                	sw	a5,4(sp)
     44c:	c002                	sw	zero,0(sp)
     44e:	58b000ef          	jal	ra,11d8 <TIM_TimeBaseInit>
     452:	4585                	li	a1,1
     454:	c0040513          	addi	a0,s0,-1024
     458:	6f9000ef          	jal	ra,1350 <TIM_Cmd>
     45c:	0131                	addi	sp,sp,12
     45e:	b1b1                	j	aa <__riscv_restore_0>

00000460 <Custom_OPA1_CFG>:
     460:	c41ff2ef          	jal	t0,a0 <__riscv_save_0>
     464:	1131                	addi	sp,sp,-20
     466:	4585                	li	a1,1
     468:	02000513          	li	a0,32
     46c:	40011437          	lui	s0,0x40011
     470:	c402                	sw	zero,8(sp)
     472:	c602                	sw	zero,12(sp)
     474:	c802                	sw	zero,16(sp)
     476:	c002                	sw	zero,0(sp)
     478:	c202                	sw	zero,4(sp)
     47a:	523000ef          	jal	ra,119c <RCC_APB2PeriphClockCmd>
     47e:	08000793          	li	a5,128
     482:	4491                	li	s1,4
     484:	002c                	addi	a1,sp,8
     486:	40040513          	addi	a0,s0,1024 # 40011400 <__global_pointer$+0x20010a08>
     48a:	847c                	sh	a5,8(sp)
     48c:	c826                	sw	s1,16(sp)
     48e:	1bf000ef          	jal	ra,e4c <GPIO_Init>
     492:	40040513          	addi	a0,s0,1024
     496:	08000593          	li	a1,128
     49a:	22f000ef          	jal	ra,ec8 <GPIO_PinLockConfig>
     49e:	002c                	addi	a1,sp,8
     4a0:	4785                	li	a5,1
     4a2:	40040513          	addi	a0,s0,1024
     4a6:	847c                	sh	a5,8(sp)
     4a8:	c826                	sw	s1,16(sp)
     4aa:	1a3000ef          	jal	ra,e4c <GPIO_Init>
     4ae:	4785                	li	a5,1
     4b0:	850a                	mv	a0,sp
     4b2:	c03e                	sw	a5,0(sp)
     4b4:	c23e                	sw	a5,4(sp)
     4b6:	34f000ef          	jal	ra,1004 <OPA_Init>
     4ba:	4505                	li	a0,1
     4bc:	36b000ef          	jal	ra,1026 <OPA_Cmd>
     4c0:	0151                	addi	sp,sp,20
     4c2:	b6e5                	j	aa <__riscv_restore_0>

000004c4 <Custom_ADC_CFG>:
     4c4:	bddff2ef          	jal	t0,a0 <__riscv_save_0>
     4c8:	f9810113          	addi	sp,sp,-104
     4cc:	40013437          	lui	s0,0x40013
     4d0:	cc02                	sw	zero,24(sp)
     4d2:	85e8                	sh	a0,26(sp)
     4d4:	084c                	addi	a1,sp,20
     4d6:	c0040513          	addi	a0,s0,-1024 # 40012c00 <__global_pointer$+0x20012208>
     4da:	ca02                	sw	zero,20(sp)
     4dc:	ce02                	sw	zero,28(sp)
     4de:	d002                	sw	zero,32(sp)
     4e0:	547000ef          	jal	ra,1226 <TIM_OC2Init>
     4e4:	c0040513          	addi	a0,s0,-1024
     4e8:	45a1                	li	a1,8
     4ea:	6af000ef          	jal	ra,1398 <TIM_OC2PreloadConfig>
     4ee:	02c00613          	li	a2,44
     4f2:	4581                	li	a1,0
     4f4:	1868                	addi	a0,sp,60
     4f6:	3991                	jal	14a <memset>
     4f8:	4585                	li	a1,1
     4fa:	4505                	li	a0,1
     4fc:	483000ef          	jal	ra,117e <RCC_AHBPeriphClockCmd>
     500:	400204b7          	lui	s1,0x40020
     504:	00848513          	addi	a0,s1,8 # 40020008 <__global_pointer$+0x2001f610>
     508:	6f4000ef          	jal	ra,bfc <DMA_DeInit>
     50c:	40012437          	lui	s0,0x40012
     510:	44c40793          	addi	a5,s0,1100 # 4001244c <__global_pointer$+0x20011a54>
     514:	de3e                	sw	a5,60(sp)
     516:	85418793          	addi	a5,gp,-1964 # 2000024c <adc_buf>
     51a:	c0be                	sw	a5,64(sp)
     51c:	08000793          	li	a5,128
     520:	c8be                	sw	a5,80(sp)
     522:	10000793          	li	a5,256
     526:	cabe                	sw	a5,84(sp)
     528:	40000793          	li	a5,1024
     52c:	ccbe                	sw	a5,88(sp)
     52e:	02000793          	li	a5,32
     532:	4709                	li	a4,2
     534:	00848513          	addi	a0,s1,8
     538:	cebe                	sw	a5,92(sp)
     53a:	186c                	addi	a1,sp,60
     53c:	6789                	lui	a5,0x2
     53e:	c4ba                	sw	a4,72(sp)
     540:	d0be                	sw	a5,96(sp)
     542:	c282                	sw	zero,68(sp)
     544:	c682                	sw	zero,76(sp)
     546:	d282                	sw	zero,100(sp)
     548:	746000ef          	jal	ra,c8e <DMA_Init>
     54c:	4585                	li	a1,1
     54e:	00848513          	addi	a0,s1,8
     552:	774000ef          	jal	ra,cc6 <DMA_Cmd>
     556:	47d9                	li	a5,22
     558:	c002                	sw	zero,0(sp)
     55a:	805c                	sb	a5,0(sp)
     55c:	4785                	li	a5,1
     55e:	815c                	sb	a5,2(sp)
     560:	850a                	mv	a0,sp
     562:	4785                	li	a5,1
     564:	c23e                	sw	a5,4(sp)
     566:	23d000ef          	jal	ra,fa2 <NVIC_Init>
     56a:	00848513          	addi	a0,s1,8
     56e:	4605                	li	a2,1
     570:	4589                	li	a1,2
     572:	768000ef          	jal	ra,cda <DMA_ITConfig>
     576:	4661                	li	a2,24
     578:	4581                	li	a1,0
     57a:	1048                	addi	a0,sp,36
     57c:	c402                	sw	zero,8(sp)
     57e:	c602                	sw	zero,12(sp)
     580:	c802                	sw	zero,16(sp)
     582:	36e1                	jal	14a <memset>
     584:	4585                	li	a1,1
     586:	02000513          	li	a0,32
     58a:	413000ef          	jal	ra,119c <RCC_APB2PeriphClockCmd>
     58e:	4585                	li	a1,1
     590:	20000513          	li	a0,512
     594:	409000ef          	jal	ra,119c <RCC_APB2PeriphClockCmd>
     598:	4501                	li	a0,0
     59a:	32f000ef          	jal	ra,10c8 <RCC_ADCCLKConfig>
     59e:	46d1                	li	a3,20
     5a0:	40011537          	lui	a0,0x40011
     5a4:	002c                	addi	a1,sp,8
     5a6:	8474                	sh	a3,8(sp)
     5a8:	40050513          	addi	a0,a0,1024 # 40011400 <__global_pointer$+0x20010a08>
     5ac:	468d                	li	a3,3
     5ae:	c636                	sw	a3,12(sp)
     5b0:	c802                	sw	zero,16(sp)
     5b2:	09b000ef          	jal	ra,e4c <GPIO_Init>
     5b6:	40040513          	addi	a0,s0,1024
     5ba:	296d                	jal	a74 <ADC_DeInit>
     5bc:	4785                	li	a5,1
     5be:	4709                	li	a4,2
     5c0:	d43e                	sw	a5,40(sp)
     5c2:	d63e                	sw	a5,44(sp)
     5c4:	104c                	addi	a1,sp,36
     5c6:	000407b7          	lui	a5,0x40
     5ca:	40040513          	addi	a0,s0,1024
     5ce:	d83e                	sw	a5,48(sp)
     5d0:	02e10c23          	sb	a4,56(sp)
     5d4:	d202                	sw	zero,36(sp)
     5d6:	da02                	sw	zero,52(sp)
     5d8:	21c9                	jal	a9a <ADC_Init>
     5da:	468d                	li	a3,3
     5dc:	4605                	li	a2,1
     5de:	458d                	li	a1,3
     5e0:	40040513          	addi	a0,s0,1024
     5e4:	23a9                	jal	b2e <ADC_RegularChannelConfig>
     5e6:	468d                	li	a3,3
     5e8:	4609                	li	a2,2
     5ea:	459d                	li	a1,7
     5ec:	40040513          	addi	a0,s0,1024
     5f0:	2b3d                	jal	b2e <ADC_RegularChannelConfig>
     5f2:	020005b7          	lui	a1,0x2000
     5f6:	40040513          	addi	a0,s0,1024
     5fa:	23fd                	jal	be8 <ADC_Calibration_Vol>
     5fc:	4585                	li	a1,1
     5fe:	40040513          	addi	a0,s0,1024
     602:	29dd                	jal	af8 <ADC_DMACmd>
     604:	4585                	li	a1,1
     606:	40040513          	addi	a0,s0,1024
     60a:	29f9                	jal	ae8 <ADC_Cmd>
     60c:	40040513          	addi	a0,s0,1024
     610:	29ed                	jal	b0a <ADC_ResetCalibration>
     612:	40040493          	addi	s1,s0,1024
     616:	8526                	mv	a0,s1
     618:	29f5                	jal	b14 <ADC_GetResetCalibrationStatus>
     61a:	fd75                	bnez	a0,616 <Custom_ADC_CFG+0x152>
     61c:	40040513          	addi	a0,s0,1024
     620:	40012437          	lui	s0,0x40012
     624:	29e5                	jal	b1c <ADC_StartCalibration>
     626:	40040493          	addi	s1,s0,1024 # 40012400 <__global_pointer$+0x20011a08>
     62a:	8526                	mv	a0,s1
     62c:	29ed                	jal	b26 <ADC_GetCalibrationStatus>
     62e:	fd75                	bnez	a0,62a <Custom_ADC_CFG+0x166>
     630:	4585                	li	a1,1
     632:	40040513          	addi	a0,s0,1024
     636:	294d                	jal	ae8 <ADC_Cmd>
     638:	06810113          	addi	sp,sp,104
     63c:	b4bd                	j	aa <__riscv_restore_0>

0000063e <Custom_PWM_CFG>:
     63e:	a63ff2ef          	jal	t0,a0 <__riscv_save_0>
     642:	00160537          	lui	a0,0x160
     646:	1111                	addi	sp,sp,-28
     648:	4585                	li	a1,1
     64a:	04050513          	addi	a0,a0,64 # 160040 <_data_lma+0x15d3b0>
     64e:	c002                	sw	zero,0(sp)
     650:	c202                	sw	zero,4(sp)
     652:	c402                	sw	zero,8(sp)
     654:	c602                	sw	zero,12(sp)
     656:	c802                	sw	zero,16(sp)
     658:	ca02                	sw	zero,20(sp)
     65a:	cc02                	sw	zero,24(sp)
     65c:	07d000ef          	jal	ra,ed8 <GPIO_PinRemapConfig>
     660:	4585                	li	a1,1
     662:	4541                	li	a0,16
     664:	339000ef          	jal	ra,119c <RCC_APB2PeriphClockCmd>
     668:	4785                	li	a5,1
     66a:	807c                	sh	a5,0(sp)
     66c:	47e1                	li	a5,24
     66e:	c43e                	sw	a5,8(sp)
     670:	858a                	mv	a1,sp
     672:	478d                	li	a5,3
     674:	40011537          	lui	a0,0x40011
     678:	c23e                	sw	a5,4(sp)
     67a:	7d2000ef          	jal	ra,e4c <GPIO_Init>
     67e:	67c1                	lui	a5,0x10
     680:	40013437          	lui	s0,0x40013
     684:	06078793          	addi	a5,a5,96 # 10060 <_data_lma+0xd3d0>
     688:	c63e                	sw	a5,12(sp)
     68a:	006c                	addi	a1,sp,12
     68c:	4789                	li	a5,2
     68e:	c0040513          	addi	a0,s0,-1024 # 40012c00 <__global_pointer$+0x20012208>
     692:	82fc                	sh	a5,20(sp)
     694:	00011923          	sh	zero,18(sp)
     698:	425000ef          	jal	ra,12bc <TIM_OC3Init>
     69c:	c0040513          	addi	a0,s0,-1024
     6a0:	45a1                	li	a1,8
     6a2:	50d000ef          	jal	ra,13ae <TIM_OC3PreloadConfig>
     6a6:	c0040513          	addi	a0,s0,-1024
     6aa:	4585                	li	a1,1
     6ac:	4d3000ef          	jal	ra,137e <TIM_ARRPreloadConfig>
     6b0:	4585                	li	a1,1
     6b2:	c0040513          	addi	a0,s0,-1024
     6b6:	4b3000ef          	jal	ra,1368 <TIM_CtrlPWMOutputs>
     6ba:	0171                	addi	sp,sp,28
     6bc:	b2fd                	j	aa <__riscv_restore_0>

000006be <Custom_USARTx_CFG>:
     6be:	9e3ff2ef          	jal	t0,a0 <__riscv_save_0>
     6c2:	f7c10113          	addi	sp,sp,-132
     6c6:	4585                	li	a1,1
     6c8:	4505                	li	a0,1
     6ca:	2b5000ef          	jal	ra,117e <RCC_AHBPeriphClockCmd>
     6ce:	02c00613          	li	a2,44
     6d2:	4581                	li	a1,0
     6d4:	1068                	addi	a0,sp,44
     6d6:	3c95                	jal	14a <memset>
     6d8:	40020437          	lui	s0,0x40020
     6dc:	04440513          	addi	a0,s0,68 # 40020044 <__global_pointer$+0x2001f64c>
     6e0:	2b31                	jal	bfc <DMA_DeInit>
     6e2:	400144b7          	lui	s1,0x40014
     6e6:	83418793          	addi	a5,gp,-1996 # 2000022c <TxBuffer>
     6ea:	02000693          	li	a3,32
     6ee:	80448713          	addi	a4,s1,-2044 # 40013804 <__global_pointer$+0x20012e0c>
     6f2:	08000313          	li	t1,128
     6f6:	d83e                	sw	a5,48(sp)
     6f8:	106c                	addi	a1,sp,44
     6fa:	47c1                	li	a5,16
     6fc:	04440513          	addi	a0,s0,68
     700:	c6b6                	sw	a3,76(sp)
     702:	d63a                	sw	a4,44(sp)
     704:	da3e                	sw	a5,52(sp)
     706:	dc3e                	sw	a5,56(sp)
     708:	c09a                	sw	t1,64(sp)
     70a:	de02                	sw	zero,60(sp)
     70c:	c282                	sw	zero,68(sp)
     70e:	c482                	sw	zero,72(sp)
     710:	c882                	sw	zero,80(sp)
     712:	ca82                	sw	zero,84(sp)
     714:	2bad                	jal	c8e <DMA_Init>
     716:	02c00613          	li	a2,44
     71a:	4581                	li	a1,0
     71c:	08a8                	addi	a0,sp,88
     71e:	3435                	jal	14a <memset>
     720:	05840513          	addi	a0,s0,88
     724:	29e1                	jal	bfc <DMA_DeInit>
     726:	400147b7          	lui	a5,0x40014
     72a:	80478713          	addi	a4,a5,-2044 # 40013804 <__global_pointer$+0x20012e0c>
     72e:	ccba                	sw	a4,88(sp)
     730:	47c1                	li	a5,16
     732:	08000313          	li	t1,128
     736:	08ac                	addi	a1,sp,88
     738:	82018713          	addi	a4,gp,-2016 # 20000218 <RxBuffer>
     73c:	d2be                	sw	a5,100(sp)
     73e:	05840513          	addi	a0,s0,88
     742:	678d                	lui	a5,0x3
     744:	d69a                	sw	t1,108(sp)
     746:	ceba                	sw	a4,92(sp)
     748:	debe                	sw	a5,124(sp)
     74a:	d082                	sw	zero,96(sp)
     74c:	d482                	sw	zero,104(sp)
     74e:	d882                	sw	zero,112(sp)
     750:	da82                	sw	zero,116(sp)
     752:	dc82                	sw	zero,120(sp)
     754:	c102                	sw	zero,128(sp)
     756:	2b25                	jal	c8e <DMA_Init>
     758:	4785                	li	a5,1
     75a:	11a00713          	li	a4,282
     75e:	00011123          	sh	zero,2(sp)
     762:	850a                	mv	a0,sp
     764:	c23e                	sw	a5,4(sp)
     766:	815c                	sb	a5,2(sp)
     768:	8078                	sh	a4,0(sp)
     76a:	039000ef          	jal	ra,fa2 <NVIC_Init>
     76e:	6511                	lui	a0,0x4
     770:	4585                	li	a1,1
     772:	02050513          	addi	a0,a0,32 # 4020 <_data_lma+0x1390>
     776:	c802                	sw	zero,16(sp)
     778:	ca02                	sw	zero,20(sp)
     77a:	cc02                	sw	zero,24(sp)
     77c:	ce02                	sw	zero,28(sp)
     77e:	d002                	sw	zero,32(sp)
     780:	d202                	sw	zero,36(sp)
     782:	d402                	sw	zero,40(sp)
     784:	219000ef          	jal	ra,119c <RCC_APB2PeriphClockCmd>
     788:	470d                	li	a4,3
     78a:	ca3a                	sw	a4,20(sp)
     78c:	4761                	li	a4,24
     78e:	cc3a                	sw	a4,24(sp)
     790:	40011737          	lui	a4,0x40011
     794:	02000693          	li	a3,32
     798:	080c                	addi	a1,sp,16
     79a:	40070513          	addi	a0,a4,1024 # 40011400 <__global_pointer$+0x20010a08>
     79e:	80f4                	sh	a3,16(sp)
     7a0:	2575                	jal	e4c <GPIO_Init>
     7a2:	40011737          	lui	a4,0x40011
     7a6:	04000693          	li	a3,64
     7aa:	80f4                	sh	a3,16(sp)
     7ac:	080c                	addi	a1,sp,16
     7ae:	04800693          	li	a3,72
     7b2:	40070513          	addi	a0,a4,1024 # 40011400 <__global_pointer$+0x20010a08>
     7b6:	cc36                	sw	a3,24(sp)
     7b8:	2d51                	jal	e4c <GPIO_Init>
     7ba:	6771                	lui	a4,0x1c
     7bc:	20070713          	addi	a4,a4,512 # 1c200 <_data_lma+0x19570>
     7c0:	086c                	addi	a1,sp,28
     7c2:	ce3a                	sw	a4,28(sp)
     7c4:	80048513          	addi	a0,s1,-2048
     7c8:	000c0737          	lui	a4,0xc0
     7cc:	d23a                	sw	a4,36(sp)
     7ce:	d002                	sw	zero,32(sp)
     7d0:	02011423          	sh	zero,40(sp)
     7d4:	3ed000ef          	jal	ra,13c0 <USART_Init>
     7d8:	12000713          	li	a4,288
     7dc:	4785                	li	a5,1
     7de:	0028                	addi	a0,sp,8
     7e0:	8478                	sh	a4,8(sp)
     7e2:	c63e                	sw	a5,12(sp)
     7e4:	00011523          	sh	zero,10(sp)
     7e8:	7ba000ef          	jal	ra,fa2 <NVIC_Init>
     7ec:	4605                	li	a2,1
     7ee:	80048513          	addi	a0,s1,-2048
     7f2:	42400593          	li	a1,1060
     7f6:	4ad000ef          	jal	ra,14a2 <USART_ITConfig>
     7fa:	04440513          	addi	a0,s0,68
     7fe:	4585                	li	a1,1
     800:	21d9                	jal	cc6 <DMA_Cmd>
     802:	05840513          	addi	a0,s0,88
     806:	4585                	li	a1,1
     808:	297d                	jal	cc6 <DMA_Cmd>
     80a:	4585                	li	a1,1
     80c:	80048513          	addi	a0,s1,-2048
     810:	47d000ef          	jal	ra,148c <USART_Cmd>
     814:	08410113          	addi	sp,sp,132
     818:	893ff06f          	j	aa <__riscv_restore_0>

0000081c <main>:
     81c:	885ff2ef          	jal	t0,a0 <__riscv_save_0>
     820:	4505                	li	a0,1
     822:	043000ef          	jal	ra,1064 <RCC_PLLCmd>
     826:	4509                	li	a0,2
     828:	061000ef          	jal	ra,1088 <RCC_SYSCLKConfig>
     82c:	4505                	li	a0,1
     82e:	76e000ef          	jal	ra,f9c <NVIC_PriorityGroupConfig>
     832:	507000ef          	jal	ra,1538 <Delay_Init>
     836:	36f1                	jal	402 <Custom_Option_Byte_CFG>
     838:	36ed                	jal	422 <Custom_TIM1_CFG>
     83a:	311d                	jal	460 <Custom_OPA1_CFG>
     83c:	4501                	li	a0,0
     83e:	3159                	jal	4c4 <Custom_ADC_CFG>
     840:	40014437          	lui	s0,0x40014
     844:	3bed                	jal	63e <Custom_PWM_CFG>
     846:	3da5                	jal	6be <Custom_USARTx_CFG>
     848:	80040513          	addi	a0,s0,-2048 # 40013800 <__global_pointer$+0x20012e08>
     84c:	4605                	li	a2,1
     84e:	08000593          	li	a1,128
     852:	487000ef          	jal	ra,14d8 <USART_DMACmd>
     856:	80040513          	addi	a0,s0,-2048
     85a:	4605                	li	a2,1
     85c:	04000593          	li	a1,64
     860:	479000ef          	jal	ra,14d8 <USART_DMACmd>
     864:	81018793          	addi	a5,gp,-2032 # 20000208 <ADC_COMPLETE>
     868:	239e                	lhu	a5,0(a5)
     86a:	07c2                	slli	a5,a5,0x10
     86c:	83c1                	srli	a5,a5,0x10
     86e:	c399                	beqz	a5,874 <main+0x58>
     870:	995ff0ef          	jal	ra,204 <ControleBuck>
     874:	8301a783          	lw	a5,-2000(gp) # 20000228 <Rx_pronto>
     878:	c391                	beqz	a5,87c <main+0x60>
     87a:	3451                	jal	2fe <Verifica_RX>
     87c:	8481d603          	lhu	a2,-1976(gp) # 20000240 <V_lido>
     880:	8121d683          	lhu	a3,-2030(gp) # 2000020a <I_lido>
     884:	000035b7          	lui	a1,0x3
     888:	adc58593          	addi	a1,a1,-1316 # 2adc <_malloc_usable_size_r+0x26>
     88c:	83418513          	addi	a0,gp,-1996 # 2000022c <TxBuffer>
     890:	2e4010ef          	jal	ra,1b74 <sprintf>
     894:	bfc1                	j	864 <main+0x48>

00000896 <SystemInit>:
     896:	80bff2ef          	jal	t0,a0 <__riscv_save_0>
     89a:	40021437          	lui	s0,0x40021
     89e:	401c                	lw	a5,0(s0)
     8a0:	f8ff0737          	lui	a4,0xf8ff0
     8a4:	1161                	addi	sp,sp,-8
     8a6:	0017e793          	ori	a5,a5,1
     8aa:	c01c                	sw	a5,0(s0)
     8ac:	405c                	lw	a5,4(s0)
     8ae:	4541                	li	a0,16
     8b0:	8ff9                	and	a5,a5,a4
     8b2:	c05c                	sw	a5,4(s0)
     8b4:	401c                	lw	a5,0(s0)
     8b6:	fef70737          	lui	a4,0xfef70
     8ba:	177d                	addi	a4,a4,-1
     8bc:	8ff9                	and	a5,a5,a4
     8be:	c01c                	sw	a5,0(s0)
     8c0:	401c                	lw	a5,0(s0)
     8c2:	fffc0737          	lui	a4,0xfffc0
     8c6:	177d                	addi	a4,a4,-1
     8c8:	8ff9                	and	a5,a5,a4
     8ca:	c01c                	sw	a5,0(s0)
     8cc:	405c                	lw	a5,4(s0)
     8ce:	7741                	lui	a4,0xffff0
     8d0:	177d                	addi	a4,a4,-1
     8d2:	8ff9                	and	a5,a5,a4
     8d4:	c05c                	sw	a5,4(s0)
     8d6:	009f07b7          	lui	a5,0x9f0
     8da:	c41c                	sw	a5,8(s0)
     8dc:	2f9d                	jal	1052 <RCC_AdjustHSICalibrationValue>
     8de:	4c1c                	lw	a5,24(s0)
     8e0:	00020637          	lui	a2,0x20
     8e4:	0207e793          	ori	a5,a5,32
     8e8:	cc1c                	sw	a5,24(s0)
     8ea:	400117b7          	lui	a5,0x40011
     8ee:	4007a703          	lw	a4,1024(a5) # 40011400 <__global_pointer$+0x20010a08>
     8f2:	40078693          	addi	a3,a5,1024
     8f6:	f0f77713          	andi	a4,a4,-241
     8fa:	40e7a023          	sw	a4,1024(a5)
     8fe:	4007a703          	lw	a4,1024(a5)
     902:	08076713          	ori	a4,a4,128
     906:	40e7a023          	sw	a4,1024(a5)
     90a:	4789                	li	a5,2
     90c:	ca9c                	sw	a5,16(a3)
     90e:	c002                	sw	zero,0(sp)
     910:	c202                	sw	zero,4(sp)
     912:	4c1c                	lw	a5,24(s0)
     914:	40010737          	lui	a4,0x40010
     918:	66a1                	lui	a3,0x8
     91a:	0017e793          	ori	a5,a5,1
     91e:	cc1c                	sw	a5,24(s0)
     920:	435c                	lw	a5,4(a4)
     922:	8fd5                	or	a5,a5,a3
     924:	c35c                	sw	a5,4(a4)
     926:	401c                	lw	a5,0(s0)
     928:	6741                	lui	a4,0x10
     92a:	400216b7          	lui	a3,0x40021
     92e:	8fd9                	or	a5,a5,a4
     930:	c01c                	sw	a5,0(s0)
     932:	6709                	lui	a4,0x2
     934:	429c                	lw	a5,0(a3)
     936:	8ff1                	and	a5,a5,a2
     938:	c23e                	sw	a5,4(sp)
     93a:	4782                	lw	a5,0(sp)
     93c:	0785                	addi	a5,a5,1
     93e:	c03e                	sw	a5,0(sp)
     940:	4792                	lw	a5,4(sp)
     942:	e781                	bnez	a5,94a <SystemInit+0xb4>
     944:	4782                	lw	a5,0(sp)
     946:	fee797e3          	bne	a5,a4,934 <SystemInit+0x9e>
     94a:	400217b7          	lui	a5,0x40021
     94e:	439c                	lw	a5,0(a5)
     950:	00e79713          	slli	a4,a5,0xe
     954:	06075963          	bgez	a4,9c6 <SystemInit+0x130>
     958:	4785                	li	a5,1
     95a:	c23e                	sw	a5,4(sp)
     95c:	4712                	lw	a4,4(sp)
     95e:	4785                	li	a5,1
     960:	06f71063          	bne	a4,a5,9c0 <SystemInit+0x12a>
     964:	400227b7          	lui	a5,0x40022
     968:	4398                	lw	a4,0(a5)
     96a:	76c1                	lui	a3,0xffff0
     96c:	16fd                	addi	a3,a3,-1
     96e:	9b71                	andi	a4,a4,-4
     970:	c398                	sw	a4,0(a5)
     972:	4398                	lw	a4,0(a5)
     974:	00176713          	ori	a4,a4,1
     978:	c398                	sw	a4,0(a5)
     97a:	400217b7          	lui	a5,0x40021
     97e:	43d8                	lw	a4,4(a5)
     980:	c3d8                	sw	a4,4(a5)
     982:	43d8                	lw	a4,4(a5)
     984:	8f75                	and	a4,a4,a3
     986:	c3d8                	sw	a4,4(a5)
     988:	43d8                	lw	a4,4(a5)
     98a:	66c1                	lui	a3,0x10
     98c:	8f55                	or	a4,a4,a3
     98e:	c3d8                	sw	a4,4(a5)
     990:	4398                	lw	a4,0(a5)
     992:	010006b7          	lui	a3,0x1000
     996:	8f55                	or	a4,a4,a3
     998:	c398                	sw	a4,0(a5)
     99a:	4398                	lw	a4,0(a5)
     99c:	00671693          	slli	a3,a4,0x6
     9a0:	fe06dde3          	bgez	a3,99a <SystemInit+0x104>
     9a4:	43d8                	lw	a4,4(a5)
     9a6:	400216b7          	lui	a3,0x40021
     9aa:	9b71                	andi	a4,a4,-4
     9ac:	c3d8                	sw	a4,4(a5)
     9ae:	43d8                	lw	a4,4(a5)
     9b0:	00276713          	ori	a4,a4,2
     9b4:	c3d8                	sw	a4,4(a5)
     9b6:	4721                	li	a4,8
     9b8:	42dc                	lw	a5,4(a3)
     9ba:	8bb1                	andi	a5,a5,12
     9bc:	fee79ee3          	bne	a5,a4,9b8 <SystemInit+0x122>
     9c0:	0121                	addi	sp,sp,8
     9c2:	ee8ff06f          	j	aa <__riscv_restore_0>
     9c6:	c202                	sw	zero,4(sp)
     9c8:	bf51                	j	95c <SystemInit+0xc6>

000009ca <ADC1_IRQHandler>:
     9ca:	a001                	j	9ca <ADC1_IRQHandler>

000009cc <handle_reset>:
     9cc:	20000197          	auipc	gp,0x20000
     9d0:	02c18193          	addi	gp,gp,44 # 200009f8 <__global_pointer$>
     9d4:	e0818113          	addi	sp,gp,-504 # 20000800 <_eusrstack>
     9d8:	0a000513          	li	a0,160
     9dc:	1ffff597          	auipc	a1,0x1ffff
     9e0:	62458593          	addi	a1,a1,1572 # 20000000 <_highcode_vma_end>
     9e4:	1ffff617          	auipc	a2,0x1ffff
     9e8:	61c60613          	addi	a2,a2,1564 # 20000000 <_highcode_vma_end>
     9ec:	00c5fa63          	bgeu	a1,a2,a00 <handle_reset+0x34>
     9f0:	00052283          	lw	t0,0(a0)
     9f4:	0055a023          	sw	t0,0(a1)
     9f8:	0511                	addi	a0,a0,4
     9fa:	0591                	addi	a1,a1,4
     9fc:	fec5eae3          	bltu	a1,a2,9f0 <handle_reset+0x24>
     a00:	00002517          	auipc	a0,0x2
     a04:	29050513          	addi	a0,a0,656 # 2c90 <_data_lma>
     a08:	1ffff597          	auipc	a1,0x1ffff
     a0c:	5f858593          	addi	a1,a1,1528 # 20000000 <_highcode_vma_end>
     a10:	80818613          	addi	a2,gp,-2040 # 20000200 <_edata>
     a14:	00c5fa63          	bgeu	a1,a2,a28 <handle_reset+0x5c>
     a18:	00052283          	lw	t0,0(a0)
     a1c:	0055a023          	sw	t0,0(a1)
     a20:	0511                	addi	a0,a0,4
     a22:	0591                	addi	a1,a1,4
     a24:	fec5eae3          	bltu	a1,a2,a18 <handle_reset+0x4c>
     a28:	80818513          	addi	a0,gp,-2040 # 20000200 <_edata>
     a2c:	86c18593          	addi	a1,gp,-1940 # 20000264 <_ebss>
     a30:	00b57763          	bgeu	a0,a1,a3e <handle_reset+0x72>
     a34:	00052023          	sw	zero,0(a0)
     a38:	0511                	addi	a0,a0,4
     a3a:	feb56de3          	bltu	a0,a1,a34 <handle_reset+0x68>
     a3e:	000022b7          	lui	t0,0x2
     a42:	88028293          	addi	t0,t0,-1920 # 1880 <print+0x5e>
     a46:	30029073          	csrw	mstatus,t0
     a4a:	428d                	li	t0,3
     a4c:	80429073          	csrw	0x804,t0
     a50:	fffff297          	auipc	t0,0xfffff
     a54:	5b028293          	addi	t0,t0,1456 # 0 <_sinit>
     a58:	0032e293          	ori	t0,t0,3
     a5c:	30529073          	csrw	mtvec,t0
     a60:	e37ff0ef          	jal	ra,896 <SystemInit>
     a64:	00000297          	auipc	t0,0x0
     a68:	db828293          	addi	t0,t0,-584 # 81c <main>
     a6c:	34129073          	csrw	mepc,t0
     a70:	30200073          	mret

00000a74 <ADC_DeInit>:
     a74:	400127b7          	lui	a5,0x40012
     a78:	40078793          	addi	a5,a5,1024 # 40012400 <__global_pointer$+0x20011a08>
     a7c:	00f51e63          	bne	a0,a5,a98 <ADC_DeInit+0x24>
     a80:	e20ff2ef          	jal	t0,a0 <__riscv_save_0>
     a84:	4585                	li	a1,1
     a86:	20000513          	li	a0,512
     a8a:	2f05                	jal	11ba <RCC_APB2PeriphResetCmd>
     a8c:	4581                	li	a1,0
     a8e:	20000513          	li	a0,512
     a92:	2725                	jal	11ba <RCC_APB2PeriphResetCmd>
     a94:	e16ff06f          	j	aa <__riscv_restore_0>
     a98:	8082                	ret

00000a9a <ADC_Init>:
     a9a:	415c                	lw	a5,4(a0)
     a9c:	fff10737          	lui	a4,0xfff10
     aa0:	eff70713          	addi	a4,a4,-257 # fff0feff <__global_pointer$+0xdff0f507>
     aa4:	8f7d                	and	a4,a4,a5
     aa6:	41dc                	lw	a5,4(a1)
     aa8:	4194                	lw	a3,0(a1)
     aaa:	07a2                	slli	a5,a5,0x8
     aac:	8fd5                	or	a5,a5,a3
     aae:	8fd9                	or	a5,a5,a4
     ab0:	c15c                	sw	a5,4(a0)
     ab2:	451c                	lw	a5,8(a0)
     ab4:	fff1f737          	lui	a4,0xfff1f
     ab8:	7fd70713          	addi	a4,a4,2045 # fff1f7fd <__global_pointer$+0xdff1ee05>
     abc:	45d4                	lw	a3,12(a1)
     abe:	8f7d                	and	a4,a4,a5
     ac0:	499c                	lw	a5,16(a1)
     ac2:	8fd5                	or	a5,a5,a3
     ac4:	4594                	lw	a3,8(a1)
     ac6:	0686                	slli	a3,a3,0x1
     ac8:	8fd5                	or	a5,a5,a3
     aca:	8fd9                	or	a5,a5,a4
     acc:	c51c                	sw	a5,8(a0)
     ace:	555c                	lw	a5,44(a0)
     ad0:	ff100737          	lui	a4,0xff100
     ad4:	177d                	addi	a4,a4,-1
     ad6:	8f7d                	and	a4,a4,a5
     ad8:	29dc                	lbu	a5,20(a1)
     ada:	17fd                	addi	a5,a5,-1
     adc:	0ff7f793          	andi	a5,a5,255
     ae0:	07d2                	slli	a5,a5,0x14
     ae2:	8fd9                	or	a5,a5,a4
     ae4:	d55c                	sw	a5,44(a0)
     ae6:	8082                	ret

00000ae8 <ADC_Cmd>:
     ae8:	451c                	lw	a5,8(a0)
     aea:	c589                	beqz	a1,af4 <ADC_Cmd+0xc>
     aec:	0017e793          	ori	a5,a5,1
     af0:	c51c                	sw	a5,8(a0)
     af2:	8082                	ret
     af4:	9bf9                	andi	a5,a5,-2
     af6:	bfed                	j	af0 <ADC_Cmd+0x8>

00000af8 <ADC_DMACmd>:
     af8:	451c                	lw	a5,8(a0)
     afa:	c589                	beqz	a1,b04 <ADC_DMACmd+0xc>
     afc:	1007e793          	ori	a5,a5,256
     b00:	c51c                	sw	a5,8(a0)
     b02:	8082                	ret
     b04:	eff7f793          	andi	a5,a5,-257
     b08:	bfe5                	j	b00 <ADC_DMACmd+0x8>

00000b0a <ADC_ResetCalibration>:
     b0a:	451c                	lw	a5,8(a0)
     b0c:	0087e793          	ori	a5,a5,8
     b10:	c51c                	sw	a5,8(a0)
     b12:	8082                	ret

00000b14 <ADC_GetResetCalibrationStatus>:
     b14:	4508                	lw	a0,8(a0)
     b16:	810d                	srli	a0,a0,0x3
     b18:	8905                	andi	a0,a0,1
     b1a:	8082                	ret

00000b1c <ADC_StartCalibration>:
     b1c:	451c                	lw	a5,8(a0)
     b1e:	0047e793          	ori	a5,a5,4
     b22:	c51c                	sw	a5,8(a0)
     b24:	8082                	ret

00000b26 <ADC_GetCalibrationStatus>:
     b26:	4508                	lw	a0,8(a0)
     b28:	8109                	srli	a0,a0,0x2
     b2a:	8905                	andi	a0,a0,1
     b2c:	8082                	ret

00000b2e <ADC_RegularChannelConfig>:
     b2e:	47a5                	li	a5,9
     b30:	04b7f863          	bgeu	a5,a1,b80 <ADC_RegularChannelConfig+0x52>
     b34:	ff658713          	addi	a4,a1,-10
     b38:	00171793          	slli	a5,a4,0x1
     b3c:	00c52283          	lw	t0,12(a0)
     b40:	97ba                	add	a5,a5,a4
     b42:	431d                	li	t1,7
     b44:	00f31333          	sll	t1,t1,a5
     b48:	fff34313          	not	t1,t1
     b4c:	00537333          	and	t1,t1,t0
     b50:	00f697b3          	sll	a5,a3,a5
     b54:	0067e7b3          	or	a5,a5,t1
     b58:	c55c                	sw	a5,12(a0)
     b5a:	4799                	li	a5,6
     b5c:	04c7e363          	bltu	a5,a2,ba2 <ADC_RegularChannelConfig+0x74>
     b60:	167d                	addi	a2,a2,-1
     b62:	00261793          	slli	a5,a2,0x2
     b66:	963e                	add	a2,a2,a5
     b68:	5958                	lw	a4,52(a0)
     b6a:	47fd                	li	a5,31
     b6c:	00c797b3          	sll	a5,a5,a2
     b70:	fff7c793          	not	a5,a5
     b74:	8ff9                	and	a5,a5,a4
     b76:	00c595b3          	sll	a1,a1,a2
     b7a:	8ddd                	or	a1,a1,a5
     b7c:	d94c                	sw	a1,52(a0)
     b7e:	8082                	ret
     b80:	00159793          	slli	a5,a1,0x1
     b84:	01052303          	lw	t1,16(a0)
     b88:	97ae                	add	a5,a5,a1
     b8a:	471d                	li	a4,7
     b8c:	00f71733          	sll	a4,a4,a5
     b90:	fff74713          	not	a4,a4
     b94:	00677733          	and	a4,a4,t1
     b98:	00f697b3          	sll	a5,a3,a5
     b9c:	8f5d                	or	a4,a4,a5
     b9e:	c918                	sw	a4,16(a0)
     ba0:	bf6d                	j	b5a <ADC_RegularChannelConfig+0x2c>
     ba2:	47b1                	li	a5,12
     ba4:	02c7e263          	bltu	a5,a2,bc8 <ADC_RegularChannelConfig+0x9a>
     ba8:	1665                	addi	a2,a2,-7
     baa:	00261793          	slli	a5,a2,0x2
     bae:	963e                	add	a2,a2,a5
     bb0:	5918                	lw	a4,48(a0)
     bb2:	47fd                	li	a5,31
     bb4:	00c797b3          	sll	a5,a5,a2
     bb8:	fff7c793          	not	a5,a5
     bbc:	8ff9                	and	a5,a5,a4
     bbe:	00c595b3          	sll	a1,a1,a2
     bc2:	8ddd                	or	a1,a1,a5
     bc4:	d90c                	sw	a1,48(a0)
     bc6:	8082                	ret
     bc8:	164d                	addi	a2,a2,-13
     bca:	00261713          	slli	a4,a2,0x2
     bce:	5554                	lw	a3,44(a0)
     bd0:	963a                	add	a2,a2,a4
     bd2:	47fd                	li	a5,31
     bd4:	00c797b3          	sll	a5,a5,a2
     bd8:	fff7c793          	not	a5,a5
     bdc:	8ff5                	and	a5,a5,a3
     bde:	00c595b3          	sll	a1,a1,a2
     be2:	8ddd                	or	a1,a1,a5
     be4:	d54c                	sw	a1,44(a0)
     be6:	8082                	ret

00000be8 <ADC_Calibration_Vol>:
     be8:	415c                	lw	a5,4(a0)
     bea:	fa000737          	lui	a4,0xfa000
     bee:	177d                	addi	a4,a4,-1
     bf0:	8ff9                	and	a5,a5,a4
     bf2:	c15c                	sw	a5,4(a0)
     bf4:	415c                	lw	a5,4(a0)
     bf6:	8ddd                	or	a1,a1,a5
     bf8:	c14c                	sw	a1,4(a0)
     bfa:	8082                	ret

00000bfc <DMA_DeInit>:
     bfc:	411c                	lw	a5,0(a0)
     bfe:	6741                	lui	a4,0x10
     c00:	1779                	addi	a4,a4,-2
     c02:	8ff9                	and	a5,a5,a4
     c04:	c11c                	sw	a5,0(a0)
     c06:	00052023          	sw	zero,0(a0)
     c0a:	00052223          	sw	zero,4(a0)
     c0e:	00052423          	sw	zero,8(a0)
     c12:	400207b7          	lui	a5,0x40020
     c16:	00052623          	sw	zero,12(a0)
     c1a:	00878713          	addi	a4,a5,8 # 40020008 <__global_pointer$+0x2001f610>
     c1e:	00e51763          	bne	a0,a4,c2c <DMA_DeInit+0x30>
     c22:	43d8                	lw	a4,4(a5)
     c24:	00f76713          	ori	a4,a4,15
     c28:	c3d8                	sw	a4,4(a5)
     c2a:	8082                	ret
     c2c:	01c78713          	addi	a4,a5,28
     c30:	00e51663          	bne	a0,a4,c3c <DMA_DeInit+0x40>
     c34:	43d8                	lw	a4,4(a5)
     c36:	0f076713          	ori	a4,a4,240
     c3a:	b7fd                	j	c28 <DMA_DeInit+0x2c>
     c3c:	03078713          	addi	a4,a5,48
     c40:	00e51863          	bne	a0,a4,c50 <DMA_DeInit+0x54>
     c44:	43d8                	lw	a4,4(a5)
     c46:	6685                	lui	a3,0x1
     c48:	f0068693          	addi	a3,a3,-256 # f00 <GPIO_PinRemapConfig+0x28>
     c4c:	8f55                	or	a4,a4,a3
     c4e:	bfe9                	j	c28 <DMA_DeInit+0x2c>
     c50:	04478713          	addi	a4,a5,68
     c54:	00e51563          	bne	a0,a4,c5e <DMA_DeInit+0x62>
     c58:	43d8                	lw	a4,4(a5)
     c5a:	66bd                	lui	a3,0xf
     c5c:	bfc5                	j	c4c <DMA_DeInit+0x50>
     c5e:	05878713          	addi	a4,a5,88
     c62:	00e51663          	bne	a0,a4,c6e <DMA_DeInit+0x72>
     c66:	43d8                	lw	a4,4(a5)
     c68:	000f06b7          	lui	a3,0xf0
     c6c:	b7c5                	j	c4c <DMA_DeInit+0x50>
     c6e:	06c78713          	addi	a4,a5,108
     c72:	00e51663          	bne	a0,a4,c7e <DMA_DeInit+0x82>
     c76:	43d8                	lw	a4,4(a5)
     c78:	00f006b7          	lui	a3,0xf00
     c7c:	bfc1                	j	c4c <DMA_DeInit+0x50>
     c7e:	08078713          	addi	a4,a5,128
     c82:	fae514e3          	bne	a0,a4,c2a <DMA_DeInit+0x2e>
     c86:	43d8                	lw	a4,4(a5)
     c88:	0f0006b7          	lui	a3,0xf000
     c8c:	b7c1                	j	c4c <DMA_DeInit+0x50>

00000c8e <DMA_Init>:
     c8e:	4118                	lw	a4,0(a0)
     c90:	77e1                	lui	a5,0xffff8
     c92:	07bd                	addi	a5,a5,15
     c94:	5194                	lw	a3,32(a1)
     c96:	8f7d                	and	a4,a4,a5
     c98:	459c                	lw	a5,8(a1)
     c9a:	8fd5                	or	a5,a5,a3
     c9c:	4994                	lw	a3,16(a1)
     c9e:	8fd5                	or	a5,a5,a3
     ca0:	49d4                	lw	a3,20(a1)
     ca2:	8fd5                	or	a5,a5,a3
     ca4:	4d94                	lw	a3,24(a1)
     ca6:	8fd5                	or	a5,a5,a3
     ca8:	4dd4                	lw	a3,28(a1)
     caa:	8fd5                	or	a5,a5,a3
     cac:	51d4                	lw	a3,36(a1)
     cae:	8fd5                	or	a5,a5,a3
     cb0:	5594                	lw	a3,40(a1)
     cb2:	8fd5                	or	a5,a5,a3
     cb4:	8fd9                	or	a5,a5,a4
     cb6:	c11c                	sw	a5,0(a0)
     cb8:	45dc                	lw	a5,12(a1)
     cba:	c15c                	sw	a5,4(a0)
     cbc:	419c                	lw	a5,0(a1)
     cbe:	c51c                	sw	a5,8(a0)
     cc0:	41dc                	lw	a5,4(a1)
     cc2:	c55c                	sw	a5,12(a0)
     cc4:	8082                	ret

00000cc6 <DMA_Cmd>:
     cc6:	411c                	lw	a5,0(a0)
     cc8:	c589                	beqz	a1,cd2 <DMA_Cmd+0xc>
     cca:	0017e793          	ori	a5,a5,1
     cce:	c11c                	sw	a5,0(a0)
     cd0:	8082                	ret
     cd2:	6741                	lui	a4,0x10
     cd4:	1779                	addi	a4,a4,-2
     cd6:	8ff9                	and	a5,a5,a4
     cd8:	bfdd                	j	cce <DMA_Cmd+0x8>

00000cda <DMA_ITConfig>:
     cda:	411c                	lw	a5,0(a0)
     cdc:	c601                	beqz	a2,ce4 <DMA_ITConfig+0xa>
     cde:	8ddd                	or	a1,a1,a5
     ce0:	c10c                	sw	a1,0(a0)
     ce2:	8082                	ret
     ce4:	fff5c593          	not	a1,a1
     ce8:	8dfd                	and	a1,a1,a5
     cea:	bfdd                	j	ce0 <DMA_ITConfig+0x6>

00000cec <DMA_SetCurrDataCounter>:
     cec:	c14c                	sw	a1,4(a0)
     cee:	8082                	ret

00000cf0 <DMA_GetCurrDataCounter>:
     cf0:	4148                	lw	a0,4(a0)
     cf2:	0542                	slli	a0,a0,0x10
     cf4:	8141                	srli	a0,a0,0x10
     cf6:	8082                	ret

00000cf8 <DMA_ClearITPendingBit>:
     cf8:	400207b7          	lui	a5,0x40020
     cfc:	c3c8                	sw	a0,4(a5)
     cfe:	8082                	ret

00000d00 <FLASH_Unlock>:
     d00:	456707b7          	lui	a5,0x45670
     d04:	40022737          	lui	a4,0x40022
     d08:	12378793          	addi	a5,a5,291 # 45670123 <__global_pointer$+0x2566f72b>
     d0c:	c35c                	sw	a5,4(a4)
     d0e:	cdef97b7          	lui	a5,0xcdef9
     d12:	9ab78793          	addi	a5,a5,-1621 # cdef89ab <__global_pointer$+0xadef7fb3>
     d16:	c35c                	sw	a5,4(a4)
     d18:	8082                	ret

00000d1a <FLASH_Lock>:
     d1a:	40022737          	lui	a4,0x40022
     d1e:	4b1c                	lw	a5,16(a4)
     d20:	0807e793          	ori	a5,a5,128
     d24:	cb1c                	sw	a5,16(a4)
     d26:	8082                	ret

00000d28 <FLASH_GetReadOutProtectionStatus>:
     d28:	400227b7          	lui	a5,0x40022
     d2c:	4fc8                	lw	a0,28(a5)
     d2e:	8105                	srli	a0,a0,0x1
     d30:	8905                	andi	a0,a0,1
     d32:	8082                	ret

00000d34 <FLASH_GetBank1Status>:
     d34:	40022737          	lui	a4,0x40022
     d38:	475c                	lw	a5,12(a4)
     d3a:	4505                	li	a0,1
     d3c:	8b85                	andi	a5,a5,1
     d3e:	e791                	bnez	a5,d4a <FLASH_GetBank1Status+0x16>
     d40:	4748                	lw	a0,12(a4)
     d42:	8941                	andi	a0,a0,16
     d44:	00153513          	seqz	a0,a0
     d48:	050d                	addi	a0,a0,3
     d4a:	8082                	ret

00000d4c <FLASH_WaitForLastOperation>:
     d4c:	b54ff2ef          	jal	t0,a0 <__riscv_save_0>
     d50:	842a                	mv	s0,a0
     d52:	37cd                	jal	d34 <FLASH_GetBank1Status>
     d54:	4785                	li	a5,1
     d56:	00f51863          	bne	a0,a5,d66 <FLASH_WaitForLastOperation+0x1a>
     d5a:	e019                	bnez	s0,d60 <FLASH_WaitForLastOperation+0x14>
     d5c:	4515                	li	a0,5
     d5e:	a029                	j	d68 <FLASH_WaitForLastOperation+0x1c>
     d60:	3fd1                	jal	d34 <FLASH_GetBank1Status>
     d62:	147d                	addi	s0,s0,-1
     d64:	bfc5                	j	d54 <FLASH_WaitForLastOperation+0x8>
     d66:	d87d                	beqz	s0,d5c <FLASH_WaitForLastOperation+0x10>
     d68:	b42ff06f          	j	aa <__riscv_restore_0>

00000d6c <FLASH_EraseOptionBytes>:
     d6c:	b34ff2ef          	jal	t0,a0 <__riscv_save_0>
     d70:	3f65                	jal	d28 <FLASH_GetReadOutProtectionStatus>
     d72:	4481                	li	s1,0
     d74:	e119                	bnez	a0,d7a <FLASH_EraseOptionBytes+0xe>
     d76:	0a500493          	li	s1,165
     d7a:	000b0537          	lui	a0,0xb0
     d7e:	37f9                	jal	d4c <FLASH_WaitForLastOperation>
     d80:	4711                	li	a4,4
     d82:	06e51063          	bne	a0,a4,de2 <FLASH_EraseOptionBytes+0x76>
     d86:	456707b7          	lui	a5,0x45670
     d8a:	40022437          	lui	s0,0x40022
     d8e:	12378793          	addi	a5,a5,291 # 45670123 <__global_pointer$+0x2566f72b>
     d92:	c41c                	sw	a5,8(s0)
     d94:	cdef97b7          	lui	a5,0xcdef9
     d98:	9ab78793          	addi	a5,a5,-1621 # cdef89ab <__global_pointer$+0xadef7fb3>
     d9c:	c41c                	sw	a5,8(s0)
     d9e:	481c                	lw	a5,16(s0)
     da0:	000b0537          	lui	a0,0xb0
     da4:	0207e793          	ori	a5,a5,32
     da8:	c81c                	sw	a5,16(s0)
     daa:	481c                	lw	a5,16(s0)
     dac:	0407e793          	ori	a5,a5,64
     db0:	c81c                	sw	a5,16(s0)
     db2:	3f69                	jal	d4c <FLASH_WaitForLastOperation>
     db4:	4711                	li	a4,4
     db6:	02e51063          	bne	a0,a4,dd6 <FLASH_EraseOptionBytes+0x6a>
     dba:	481c                	lw	a5,16(s0)
     dbc:	6509                	lui	a0,0x2
     dbe:	fdf7f793          	andi	a5,a5,-33
     dc2:	c81c                	sw	a5,16(s0)
     dc4:	481c                	lw	a5,16(s0)
     dc6:	0107e793          	ori	a5,a5,16
     dca:	c81c                	sw	a5,16(s0)
     dcc:	200007b7          	lui	a5,0x20000
     dd0:	80979023          	sh	s1,-2048(a5) # 1ffff800 <_data_lma+0x1fffcb70>
     dd4:	3fa5                	jal	d4c <FLASH_WaitForLastOperation>
     dd6:	4795                	li	a5,5
     dd8:	00f50563          	beq	a0,a5,de2 <FLASH_EraseOptionBytes+0x76>
     ddc:	481c                	lw	a5,16(s0)
     dde:	9bbd                	andi	a5,a5,-17
     de0:	c81c                	sw	a5,16(s0)
     de2:	ac8ff06f          	j	aa <__riscv_restore_0>

00000de6 <FLASH_UserOptionByteConfig>:
     de6:	abaff2ef          	jal	t0,a0 <__riscv_save_0>
     dea:	1151                	addi	sp,sp,-12
     dec:	456707b7          	lui	a5,0x45670
     df0:	c42a                	sw	a0,8(sp)
     df2:	c232                	sw	a2,4(sp)
     df4:	c036                	sw	a3,0(sp)
     df6:	40022437          	lui	s0,0x40022
     dfa:	12378793          	addi	a5,a5,291 # 45670123 <__global_pointer$+0x2566f72b>
     dfe:	c41c                	sw	a5,8(s0)
     e00:	cdef97b7          	lui	a5,0xcdef9
     e04:	9ab78793          	addi	a5,a5,-1621 # cdef89ab <__global_pointer$+0xadef7fb3>
     e08:	c41c                	sw	a5,8(s0)
     e0a:	6509                	lui	a0,0x2
     e0c:	84ae                	mv	s1,a1
     e0e:	3f3d                	jal	d4c <FLASH_WaitForLastOperation>
     e10:	4791                	li	a5,4
     e12:	4682                	lw	a3,0(sp)
     e14:	4612                	lw	a2,4(sp)
     e16:	4722                	lw	a4,8(sp)
     e18:	02f51763          	bne	a0,a5,e46 <FLASH_UserOptionByteConfig+0x60>
     e1c:	481c                	lw	a5,16(s0)
     e1e:	8ed9                	or	a3,a3,a4
     e20:	8cd5                	or	s1,s1,a3
     e22:	0107e793          	ori	a5,a5,16
     e26:	8e45                	or	a2,a2,s1
     e28:	c81c                	sw	a5,16(s0)
     e2a:	0c266613          	ori	a2,a2,194
     e2e:	200007b7          	lui	a5,0x20000
     e32:	80c79123          	sh	a2,-2046(a5) # 1ffff802 <_data_lma+0x1fffcb72>
     e36:	6509                	lui	a0,0x2
     e38:	3f11                	jal	d4c <FLASH_WaitForLastOperation>
     e3a:	4795                	li	a5,5
     e3c:	00f50563          	beq	a0,a5,e46 <FLASH_UserOptionByteConfig+0x60>
     e40:	481c                	lw	a5,16(s0)
     e42:	9bbd                	andi	a5,a5,-17
     e44:	c81c                	sw	a5,16(s0)
     e46:	0131                	addi	sp,sp,12
     e48:	a62ff06f          	j	aa <__riscv_restore_0>

00000e4c <GPIO_Init>:
     e4c:	4594                	lw	a3,8(a1)
     e4e:	0106f793          	andi	a5,a3,16
     e52:	00f6f293          	andi	t0,a3,15
     e56:	c781                	beqz	a5,e5e <GPIO_Init+0x12>
     e58:	41dc                	lw	a5,4(a1)
     e5a:	00f2e2b3          	or	t0,t0,a5
     e5e:	0005d383          	lhu	t2,0(a1)
     e62:	0ff3f793          	andi	a5,t2,255
     e66:	c3a5                	beqz	a5,ec6 <GPIO_Init+0x7a>
     e68:	00052303          	lw	t1,0(a0) # 2000 <__ssvfiscanf_r+0x326>
     e6c:	1161                	addi	sp,sp,-8
     e6e:	c222                	sw	s0,4(sp)
     e70:	c026                	sw	s1,0(sp)
     e72:	4781                	li	a5,0
     e74:	02800413          	li	s0,40
     e78:	04800493          	li	s1,72
     e7c:	4705                	li	a4,1
     e7e:	00f71633          	sll	a2,a4,a5
     e82:	00c3f733          	and	a4,t2,a2
     e86:	02e61263          	bne	a2,a4,eaa <GPIO_Init+0x5e>
     e8a:	00279593          	slli	a1,a5,0x2
     e8e:	473d                	li	a4,15
     e90:	00b71733          	sll	a4,a4,a1
     e94:	fff74713          	not	a4,a4
     e98:	00677333          	and	t1,a4,t1
     e9c:	00b295b3          	sll	a1,t0,a1
     ea0:	0065e333          	or	t1,a1,t1
     ea4:	00869d63          	bne	a3,s0,ebe <GPIO_Init+0x72>
     ea8:	c950                	sw	a2,20(a0)
     eaa:	0785                	addi	a5,a5,1
     eac:	4721                	li	a4,8
     eae:	fce797e3          	bne	a5,a4,e7c <GPIO_Init+0x30>
     eb2:	4412                	lw	s0,4(sp)
     eb4:	00652023          	sw	t1,0(a0)
     eb8:	4482                	lw	s1,0(sp)
     eba:	0121                	addi	sp,sp,8
     ebc:	8082                	ret
     ebe:	fe9696e3          	bne	a3,s1,eaa <GPIO_Init+0x5e>
     ec2:	c910                	sw	a2,16(a0)
     ec4:	b7dd                	j	eaa <GPIO_Init+0x5e>
     ec6:	8082                	ret

00000ec8 <GPIO_PinLockConfig>:
     ec8:	67c1                	lui	a5,0x10
     eca:	8fcd                	or	a5,a5,a1
     ecc:	cd1c                	sw	a5,24(a0)
     ece:	cd0c                	sw	a1,24(a0)
     ed0:	cd1c                	sw	a5,24(a0)
     ed2:	4d1c                	lw	a5,24(a0)
     ed4:	4d1c                	lw	a5,24(a0)
     ed6:	8082                	ret

00000ed8 <GPIO_PinRemapConfig>:
     ed8:	40010337          	lui	t1,0x40010
     edc:	00432703          	lw	a4,4(t1) # 40010004 <__global_pointer$+0x2000f60c>
     ee0:	00351793          	slli	a5,a0,0x3
     ee4:	0207d063          	bgez	a5,f04 <GPIO_PinRemapConfig+0x2c>
     ee8:	ffc007b7          	lui	a5,0xffc00
     eec:	17f5                	addi	a5,a5,-3
     eee:	8ff9                	and	a5,a5,a4
     ef0:	07000737          	lui	a4,0x7000
     ef4:	8fd9                	or	a5,a5,a4
     ef6:	cdd9                	beqz	a1,f94 <GPIO_PinRemapConfig+0xbc>
     ef8:	f0000737          	lui	a4,0xf0000
     efc:	177d                	addi	a4,a4,-1
     efe:	8d79                	and	a0,a0,a4
     f00:	8fc9                	or	a5,a5,a0
     f02:	a849                	j	f94 <GPIO_PinRemapConfig+0xbc>
     f04:	00055d63          	bgez	a0,f1e <GPIO_PinRemapConfig+0x46>
     f08:	ffe007b7          	lui	a5,0xffe00
     f0c:	17ed                	addi	a5,a5,-5
     f0e:	8ff9                	and	a5,a5,a4
     f10:	07000737          	lui	a4,0x7000
     f14:	8fd9                	or	a5,a5,a4
     f16:	cdbd                	beqz	a1,f94 <GPIO_PinRemapConfig+0xbc>
     f18:	0506                	slli	a0,a0,0x1
     f1a:	8105                	srli	a0,a0,0x1
     f1c:	b7d5                	j	f00 <GPIO_PinRemapConfig+0x28>
     f1e:	003007b7          	lui	a5,0x300
     f22:	01051693          	slli	a3,a0,0x10
     f26:	00f57633          	and	a2,a0,a5
     f2a:	82c1                	srli	a3,a3,0x10
     f2c:	02f61363          	bne	a2,a5,f52 <GPIO_PinRemapConfig+0x7a>
     f30:	f9000637          	lui	a2,0xf9000
     f34:	167d                	addi	a2,a2,-1
     f36:	00c777b3          	and	a5,a4,a2
     f3a:	00432703          	lw	a4,4(t1)
     f3e:	8e79                	and	a2,a2,a4
     f40:	00c32223          	sw	a2,4(t1)
     f44:	c9a1                	beqz	a1,f94 <GPIO_PinRemapConfig+0xbc>
     f46:	8155                	srli	a0,a0,0x15
     f48:	00451713          	slli	a4,a0,0x4
     f4c:	00e69533          	sll	a0,a3,a4
     f50:	bf45                	j	f00 <GPIO_PinRemapConfig+0x28>
     f52:	00b51793          	slli	a5,a0,0xb
     f56:	0207d463          	bgez	a5,f7e <GPIO_PinRemapConfig+0xa6>
     f5a:	01055793          	srli	a5,a0,0x10
     f5e:	00f7f613          	andi	a2,a5,15
     f62:	478d                	li	a5,3
     f64:	00c797b3          	sll	a5,a5,a2
     f68:	fff7c793          	not	a5,a5
     f6c:	8ff9                	and	a5,a5,a4
     f6e:	07000737          	lui	a4,0x7000
     f72:	8fd9                	or	a5,a5,a4
     f74:	c185                	beqz	a1,f94 <GPIO_PinRemapConfig+0xbc>
     f76:	01555713          	srli	a4,a0,0x15
     f7a:	0712                	slli	a4,a4,0x4
     f7c:	bfc1                	j	f4c <GPIO_PinRemapConfig+0x74>
     f7e:	8155                	srli	a0,a0,0x15
     f80:	0512                	slli	a0,a0,0x4
     f82:	00a69533          	sll	a0,a3,a0
     f86:	fff54793          	not	a5,a0
     f8a:	8ff9                	and	a5,a5,a4
     f8c:	07000737          	lui	a4,0x7000
     f90:	8fd9                	or	a5,a5,a4
     f92:	f5bd                	bnez	a1,f00 <GPIO_PinRemapConfig+0x28>
     f94:	40010737          	lui	a4,0x40010
     f98:	c35c                	sw	a5,4(a4)
     f9a:	8082                	ret

00000f9c <NVIC_PriorityGroupConfig>:
     f9c:	86a1a023          	sw	a0,-1952(gp) # 20000258 <NVIC_Priority_Group>
     fa0:	8082                	ret

00000fa2 <NVIC_Init>:
     fa2:	8601a683          	lw	a3,-1952(gp) # 20000258 <NVIC_Priority_Group>
     fa6:	4785                	li	a5,1
     fa8:	2118                	lbu	a4,0(a0)
     faa:	02f69063          	bne	a3,a5,fca <NVIC_Init+0x28>
     fae:	311c                	lbu	a5,1(a0)
     fb0:	02d79c63          	bne	a5,a3,fe8 <NVIC_Init+0x46>
     fb4:	213c                	lbu	a5,2(a0)
     fb6:	079a                	slli	a5,a5,0x6
     fb8:	f807e793          	ori	a5,a5,-128
     fbc:	e000e6b7          	lui	a3,0xe000e
     fc0:	0ff7f793          	andi	a5,a5,255
     fc4:	96ba                	add	a3,a3,a4
     fc6:	40f68023          	sb	a5,1024(a3) # e000e400 <__global_pointer$+0xc000da08>
     fca:	4685                	li	a3,1
     fcc:	00575793          	srli	a5,a4,0x5
     fd0:	00e69733          	sll	a4,a3,a4
     fd4:	4154                	lw	a3,4(a0)
     fd6:	ce89                	beqz	a3,ff0 <NVIC_Init+0x4e>
     fd8:	04078793          	addi	a5,a5,64 # 300040 <_data_lma+0x2fd3b0>
     fdc:	078a                	slli	a5,a5,0x2
     fde:	e000e6b7          	lui	a3,0xe000e
     fe2:	97b6                	add	a5,a5,a3
     fe4:	c398                	sw	a4,0(a5)
     fe6:	8082                	ret
     fe8:	f3ed                	bnez	a5,fca <NVIC_Init+0x28>
     fea:	213c                	lbu	a5,2(a0)
     fec:	079a                	slli	a5,a5,0x6
     fee:	b7f9                	j	fbc <NVIC_Init+0x1a>
     ff0:	06078793          	addi	a5,a5,96
     ff4:	e000e6b7          	lui	a3,0xe000e
     ff8:	078a                	slli	a5,a5,0x2
     ffa:	97b6                	add	a5,a5,a3
     ffc:	c398                	sw	a4,0(a5)
     ffe:	0000100f          	fence.i
    1002:	8082                	ret

00001004 <OPA_Init>:
    1004:	40024637          	lui	a2,0x40024
    1008:	80062783          	lw	a5,-2048(a2) # 40023800 <__global_pointer$+0x20022e08>
    100c:	fffa0737          	lui	a4,0xfffa0
    1010:	177d                	addi	a4,a4,-1
    1012:	8f7d                	and	a4,a4,a5
    1014:	4154                	lw	a3,4(a0)
    1016:	411c                	lw	a5,0(a0)
    1018:	06c6                	slli	a3,a3,0x11
    101a:	07ca                	slli	a5,a5,0x12
    101c:	8fd5                	or	a5,a5,a3
    101e:	8fd9                	or	a5,a5,a4
    1020:	80f62023          	sw	a5,-2048(a2)
    1024:	8082                	ret

00001026 <OPA_Cmd>:
    1026:	4785                	li	a5,1
    1028:	00f51b63          	bne	a0,a5,103e <OPA_Cmd+0x18>
    102c:	40024737          	lui	a4,0x40024
    1030:	80072783          	lw	a5,-2048(a4) # 40023800 <__global_pointer$+0x20022e08>
    1034:	66c1                	lui	a3,0x10
    1036:	8fd5                	or	a5,a5,a3
    1038:	80f72023          	sw	a5,-2048(a4)
    103c:	8082                	ret
    103e:	400246b7          	lui	a3,0x40024
    1042:	8006a783          	lw	a5,-2048(a3) # 40023800 <__global_pointer$+0x20022e08>
    1046:	7741                	lui	a4,0xffff0
    1048:	177d                	addi	a4,a4,-1
    104a:	8ff9                	and	a5,a5,a4
    104c:	80f6a023          	sw	a5,-2048(a3)
    1050:	8082                	ret

00001052 <RCC_AdjustHSICalibrationValue>:
    1052:	40021737          	lui	a4,0x40021
    1056:	431c                	lw	a5,0(a4)
    1058:	050e                	slli	a0,a0,0x3
    105a:	f077f793          	andi	a5,a5,-249
    105e:	8d5d                	or	a0,a0,a5
    1060:	c308                	sw	a0,0(a4)
    1062:	8082                	ret

00001064 <RCC_PLLCmd>:
    1064:	c909                	beqz	a0,1076 <RCC_PLLCmd+0x12>
    1066:	40021737          	lui	a4,0x40021
    106a:	431c                	lw	a5,0(a4)
    106c:	010006b7          	lui	a3,0x1000
    1070:	8fd5                	or	a5,a5,a3
    1072:	c31c                	sw	a5,0(a4)
    1074:	8082                	ret
    1076:	400216b7          	lui	a3,0x40021
    107a:	429c                	lw	a5,0(a3)
    107c:	ff000737          	lui	a4,0xff000
    1080:	177d                	addi	a4,a4,-1
    1082:	8ff9                	and	a5,a5,a4
    1084:	c29c                	sw	a5,0(a3)
    1086:	8082                	ret

00001088 <RCC_SYSCLKConfig>:
    1088:	818ff2ef          	jal	t0,a0 <__riscv_save_0>
    108c:	1ffff7b7          	lui	a5,0x1ffff
    1090:	842a                	mv	s0,a0
    1092:	7d47c503          	lbu	a0,2004(a5) # 1ffff7d4 <_data_lma+0x1fffcb44>
    1096:	0ff00793          	li	a5,255
    109a:	00f50f63          	beq	a0,a5,10b8 <RCC_SYSCLKConfig+0x30>
    109e:	4789                	li	a5,2
    10a0:	00f41a63          	bne	s0,a5,10b4 <RCC_SYSCLKConfig+0x2c>
    10a4:	400217b7          	lui	a5,0x40021
    10a8:	43dc                	lw	a5,4(a5)
    10aa:	897d                	andi	a0,a0,31
    10ac:	00f79713          	slli	a4,a5,0xf
    10b0:	00075363          	bgez	a4,10b6 <RCC_SYSCLKConfig+0x2e>
    10b4:	4541                	li	a0,16
    10b6:	3f71                	jal	1052 <RCC_AdjustHSICalibrationValue>
    10b8:	40021737          	lui	a4,0x40021
    10bc:	435c                	lw	a5,4(a4)
    10be:	9bf1                	andi	a5,a5,-4
    10c0:	8c5d                	or	s0,s0,a5
    10c2:	c340                	sw	s0,4(a4)
    10c4:	fe7fe06f          	j	aa <__riscv_restore_0>

000010c8 <RCC_ADCCLKConfig>:
    10c8:	400216b7          	lui	a3,0x40021
    10cc:	42dc                	lw	a5,4(a3)
    10ce:	7741                	lui	a4,0xffff0
    10d0:	7ff70713          	addi	a4,a4,2047 # ffff07ff <__global_pointer$+0xdffefe07>
    10d4:	8ff9                	and	a5,a5,a4
    10d6:	8d5d                	or	a0,a0,a5
    10d8:	c2c8                	sw	a0,4(a3)
    10da:	8082                	ret

000010dc <RCC_GetClocksFreq>:
    10dc:	fc5fe2ef          	jal	t0,a0 <__riscv_save_0>
    10e0:	40021737          	lui	a4,0x40021
    10e4:	435c                	lw	a5,4(a4)
    10e6:	4691                	li	a3,4
    10e8:	842a                	mv	s0,a0
    10ea:	8bb1                	andi	a5,a5,12
    10ec:	00d78563          	beq	a5,a3,10f6 <RCC_GetClocksFreq+0x1a>
    10f0:	46a1                	li	a3,8
    10f2:	08d78063          	beq	a5,a3,1172 <RCC_GetClocksFreq+0x96>
    10f6:	016e37b7          	lui	a5,0x16e3
    10fa:	60078793          	addi	a5,a5,1536 # 16e3600 <_data_lma+0x16e0970>
    10fe:	c01c                	sw	a5,0(s0)
    1100:	400216b7          	lui	a3,0x40021
    1104:	42dc                	lw	a5,4(a3)
    1106:	8391                	srli	a5,a5,0x4
    1108:	00f7f713          	andi	a4,a5,15
    110c:	200007b7          	lui	a5,0x20000
    1110:	01878793          	addi	a5,a5,24 # 20000018 <APBAHBPrescTable>
    1114:	97ba                	add	a5,a5,a4
    1116:	238c                	lbu	a1,0(a5)
    1118:	42dc                	lw	a5,4(a3)
    111a:	4018                	lw	a4,0(s0)
    111c:	0ff5f593          	andi	a1,a1,255
    1120:	0807f793          	andi	a5,a5,128
    1124:	00b75533          	srl	a0,a4,a1
    1128:	e781                	bnez	a5,1130 <RCC_GetClocksFreq+0x54>
    112a:	853a                	mv	a0,a4
    112c:	fa9fe0ef          	jal	ra,d4 <__udivsi3>
    1130:	c048                	sw	a0,4(s0)
    1132:	c408                	sw	a0,8(s0)
    1134:	c448                	sw	a0,12(s0)
    1136:	400217b7          	lui	a5,0x40021
    113a:	43dc                	lw	a5,4(a5)
    113c:	468d                	li	a3,3
    113e:	83ad                	srli	a5,a5,0xb
    1140:	8bfd                	andi	a5,a5,31
    1142:	0037d713          	srli	a4,a5,0x3
    1146:	078a                	slli	a5,a5,0x2
    1148:	8bf1                	andi	a5,a5,28
    114a:	8fd9                	or	a5,a5,a4
    114c:	0137f613          	andi	a2,a5,19
    1150:	0037f713          	andi	a4,a5,3
    1154:	00c6f463          	bgeu	a3,a2,115c <RCC_GetClocksFreq+0x80>
    1158:	ff478713          	addi	a4,a5,-12 # 40020ff4 <__global_pointer$+0x200205fc>
    115c:	200007b7          	lui	a5,0x20000
    1160:	00478793          	addi	a5,a5,4 # 20000004 <ADCPrescTable>
    1164:	97ba                	add	a5,a5,a4
    1166:	238c                	lbu	a1,0(a5)
    1168:	f6dfe0ef          	jal	ra,d4 <__udivsi3>
    116c:	c808                	sw	a0,16(s0)
    116e:	f3dfe06f          	j	aa <__riscv_restore_0>
    1172:	435c                	lw	a5,4(a4)
    1174:	02dc77b7          	lui	a5,0x2dc7
    1178:	c0078793          	addi	a5,a5,-1024 # 2dc6c00 <_data_lma+0x2dc3f70>
    117c:	b749                	j	10fe <RCC_GetClocksFreq+0x22>

0000117e <RCC_AHBPeriphClockCmd>:
    117e:	c599                	beqz	a1,118c <RCC_AHBPeriphClockCmd+0xe>
    1180:	40021737          	lui	a4,0x40021
    1184:	4b5c                	lw	a5,20(a4)
    1186:	8d5d                	or	a0,a0,a5
    1188:	cb48                	sw	a0,20(a4)
    118a:	8082                	ret
    118c:	400217b7          	lui	a5,0x40021
    1190:	4bd8                	lw	a4,20(a5)
    1192:	fff54513          	not	a0,a0
    1196:	8d79                	and	a0,a0,a4
    1198:	cbc8                	sw	a0,20(a5)
    119a:	8082                	ret

0000119c <RCC_APB2PeriphClockCmd>:
    119c:	c599                	beqz	a1,11aa <RCC_APB2PeriphClockCmd+0xe>
    119e:	40021737          	lui	a4,0x40021
    11a2:	4f1c                	lw	a5,24(a4)
    11a4:	8d5d                	or	a0,a0,a5
    11a6:	cf08                	sw	a0,24(a4)
    11a8:	8082                	ret
    11aa:	400217b7          	lui	a5,0x40021
    11ae:	4f98                	lw	a4,24(a5)
    11b0:	fff54513          	not	a0,a0
    11b4:	8d79                	and	a0,a0,a4
    11b6:	cf88                	sw	a0,24(a5)
    11b8:	8082                	ret

000011ba <RCC_APB2PeriphResetCmd>:
    11ba:	c599                	beqz	a1,11c8 <RCC_APB2PeriphResetCmd+0xe>
    11bc:	40021737          	lui	a4,0x40021
    11c0:	475c                	lw	a5,12(a4)
    11c2:	8d5d                	or	a0,a0,a5
    11c4:	c748                	sw	a0,12(a4)
    11c6:	8082                	ret
    11c8:	400217b7          	lui	a5,0x40021
    11cc:	47d8                	lw	a4,12(a5)
    11ce:	fff54513          	not	a0,a0
    11d2:	8d79                	and	a0,a0,a4
    11d4:	c7c8                	sw	a0,12(a5)
    11d6:	8082                	ret

000011d8 <TIM_TimeBaseInit>:
    11d8:	211e                	lhu	a5,0(a0)
    11da:	40013737          	lui	a4,0x40013
    11de:	c0070713          	addi	a4,a4,-1024 # 40012c00 <__global_pointer$+0x20012208>
    11e2:	07c2                	slli	a5,a5,0x10
    11e4:	83c1                	srli	a5,a5,0x10
    11e6:	00e50663          	beq	a0,a4,11f2 <TIM_TimeBaseInit+0x1a>
    11ea:	40000737          	lui	a4,0x40000
    11ee:	00e51663          	bne	a0,a4,11fa <TIM_TimeBaseInit+0x22>
    11f2:	21ba                	lhu	a4,2(a1)
    11f4:	f8f7f793          	andi	a5,a5,-113
    11f8:	8fd9                	or	a5,a5,a4
    11fa:	21fa                	lhu	a4,6(a1)
    11fc:	cff7f793          	andi	a5,a5,-769
    1200:	07c2                	slli	a5,a5,0x10
    1202:	83c1                	srli	a5,a5,0x10
    1204:	8fd9                	or	a5,a5,a4
    1206:	a11e                	sh	a5,0(a0)
    1208:	21de                	lhu	a5,4(a1)
    120a:	b55e                	sh	a5,44(a0)
    120c:	219e                	lhu	a5,0(a1)
    120e:	b51e                	sh	a5,40(a0)
    1210:	400137b7          	lui	a5,0x40013
    1214:	c0078793          	addi	a5,a5,-1024 # 40012c00 <__global_pointer$+0x20012208>
    1218:	00f51463          	bne	a0,a5,1220 <TIM_TimeBaseInit+0x48>
    121c:	259c                	lbu	a5,8(a1)
    121e:	b91e                	sh	a5,48(a0)
    1220:	4785                	li	a5,1
    1222:	a95e                	sh	a5,20(a0)
    1224:	8082                	ret

00001226 <TIM_OC2Init>:
    1226:	311e                	lhu	a5,32(a0)
    1228:	7765                	lui	a4,0xffff9
    122a:	cff70713          	addi	a4,a4,-769 # ffff8cff <__global_pointer$+0xdfff8307>
    122e:	07c2                	slli	a5,a5,0x10
    1230:	83c1                	srli	a5,a5,0x10
    1232:	9bbd                	andi	a5,a5,-17
    1234:	07c2                	slli	a5,a5,0x10
    1236:	83c1                	srli	a5,a5,0x10
    1238:	b11e                	sh	a5,32(a0)
    123a:	311e                	lhu	a5,32(a0)
    123c:	2156                	lhu	a3,4(a0)
    123e:	0085d303          	lhu	t1,8(a1)
    1242:	07c2                	slli	a5,a5,0x10
    1244:	01069613          	slli	a2,a3,0x10
    1248:	2d16                	lhu	a3,24(a0)
    124a:	83c1                	srli	a5,a5,0x10
    124c:	fdf7f793          	andi	a5,a5,-33
    1250:	8f75                	and	a4,a4,a3
    1252:	2196                	lhu	a3,0(a1)
    1254:	8241                	srli	a2,a2,0x10
    1256:	06a2                	slli	a3,a3,0x8
    1258:	8f55                	or	a4,a4,a3
    125a:	21b6                	lhu	a3,2(a1)
    125c:	0742                	slli	a4,a4,0x10
    125e:	8341                	srli	a4,a4,0x10
    1260:	0066e6b3          	or	a3,a3,t1
    1264:	0692                	slli	a3,a3,0x4
    1266:	8fd5                	or	a5,a5,a3
    1268:	400136b7          	lui	a3,0x40013
    126c:	07c2                	slli	a5,a5,0x10
    126e:	c0068693          	addi	a3,a3,-1024 # 40012c00 <__global_pointer$+0x20012208>
    1272:	83c1                	srli	a5,a5,0x10
    1274:	02d51e63          	bne	a0,a3,12b0 <TIM_OC2Init+0x8a>
    1278:	25b6                	lhu	a3,10(a1)
    127a:	f7f7f793          	andi	a5,a5,-129
    127e:	00c5d303          	lhu	t1,12(a1)
    1282:	0692                	slli	a3,a3,0x4
    1284:	8fd5                	or	a5,a5,a3
    1286:	21d6                	lhu	a3,4(a1)
    1288:	07c2                	slli	a5,a5,0x10
    128a:	83c1                	srli	a5,a5,0x10
    128c:	0692                	slli	a3,a3,0x4
    128e:	fbf7f793          	andi	a5,a5,-65
    1292:	8fd5                	or	a5,a5,a3
    1294:	76fd                	lui	a3,0xfffff
    1296:	3ff68693          	addi	a3,a3,1023 # fffff3ff <__global_pointer$+0xdfffea07>
    129a:	8ef1                	and	a3,a3,a2
    129c:	25f2                	lhu	a2,14(a1)
    129e:	07c2                	slli	a5,a5,0x10
    12a0:	83c1                	srli	a5,a5,0x10
    12a2:	00666633          	or	a2,a2,t1
    12a6:	060a                	slli	a2,a2,0x2
    12a8:	8ed1                	or	a3,a3,a2
    12aa:	01069613          	slli	a2,a3,0x10
    12ae:	8241                	srli	a2,a2,0x10
    12b0:	a152                	sh	a2,4(a0)
    12b2:	ad1a                	sh	a4,24(a0)
    12b4:	21fa                	lhu	a4,6(a1)
    12b6:	dd18                	sw	a4,56(a0)
    12b8:	b11e                	sh	a5,32(a0)
    12ba:	8082                	ret

000012bc <TIM_OC3Init>:
    12bc:	311e                	lhu	a5,32(a0)
    12be:	2192                	lhu	a2,0(a1)
    12c0:	0085d303          	lhu	t1,8(a1)
    12c4:	07c2                	slli	a5,a5,0x10
    12c6:	83c1                	srli	a5,a5,0x10
    12c8:	eff7f793          	andi	a5,a5,-257
    12cc:	07c2                	slli	a5,a5,0x10
    12ce:	83c1                	srli	a5,a5,0x10
    12d0:	b11e                	sh	a5,32(a0)
    12d2:	311e                	lhu	a5,32(a0)
    12d4:	2156                	lhu	a3,4(a0)
    12d6:	2d5a                	lhu	a4,28(a0)
    12d8:	07c2                	slli	a5,a5,0x10
    12da:	83c1                	srli	a5,a5,0x10
    12dc:	0742                	slli	a4,a4,0x10
    12de:	8341                	srli	a4,a4,0x10
    12e0:	f8c77713          	andi	a4,a4,-116
    12e4:	8f51                	or	a4,a4,a2
    12e6:	21b2                	lhu	a2,2(a1)
    12e8:	dff7f793          	andi	a5,a5,-513
    12ec:	06c2                	slli	a3,a3,0x10
    12ee:	00666633          	or	a2,a2,t1
    12f2:	0622                	slli	a2,a2,0x8
    12f4:	8fd1                	or	a5,a5,a2
    12f6:	01079613          	slli	a2,a5,0x10
    12fa:	400137b7          	lui	a5,0x40013
    12fe:	c0078793          	addi	a5,a5,-1024 # 40012c00 <__global_pointer$+0x20012208>
    1302:	82c1                	srli	a3,a3,0x10
    1304:	8241                	srli	a2,a2,0x10
    1306:	02f51f63          	bne	a0,a5,1344 <TIM_OC3Init+0x88>
    130a:	77fd                	lui	a5,0xfffff
    130c:	7ff78793          	addi	a5,a5,2047 # fffff7ff <__global_pointer$+0xdfffee07>
    1310:	8ff1                	and	a5,a5,a2
    1312:	25b2                	lhu	a2,10(a1)
    1314:	00c5d303          	lhu	t1,12(a1)
    1318:	0622                	slli	a2,a2,0x8
    131a:	8fd1                	or	a5,a5,a2
    131c:	21d2                	lhu	a2,4(a1)
    131e:	07c2                	slli	a5,a5,0x10
    1320:	83c1                	srli	a5,a5,0x10
    1322:	0622                	slli	a2,a2,0x8
    1324:	bff7f793          	andi	a5,a5,-1025
    1328:	8fd1                	or	a5,a5,a2
    132a:	01079613          	slli	a2,a5,0x10
    132e:	77f5                	lui	a5,0xffffd
    1330:	17fd                	addi	a5,a5,-1
    1332:	8efd                	and	a3,a3,a5
    1334:	25fe                	lhu	a5,14(a1)
    1336:	8241                	srli	a2,a2,0x10
    1338:	0067e7b3          	or	a5,a5,t1
    133c:	0792                	slli	a5,a5,0x4
    133e:	8edd                	or	a3,a3,a5
    1340:	06c2                	slli	a3,a3,0x10
    1342:	82c1                	srli	a3,a3,0x10
    1344:	21fe                	lhu	a5,6(a1)
    1346:	a156                	sh	a3,4(a0)
    1348:	ad5a                	sh	a4,28(a0)
    134a:	dd5c                	sw	a5,60(a0)
    134c:	b112                	sh	a2,32(a0)
    134e:	8082                	ret

00001350 <TIM_Cmd>:
    1350:	211e                	lhu	a5,0(a0)
    1352:	c589                	beqz	a1,135c <TIM_Cmd+0xc>
    1354:	0017e793          	ori	a5,a5,1
    1358:	a11e                	sh	a5,0(a0)
    135a:	8082                	ret
    135c:	07c2                	slli	a5,a5,0x10
    135e:	83c1                	srli	a5,a5,0x10
    1360:	9bf9                	andi	a5,a5,-2
    1362:	07c2                	slli	a5,a5,0x10
    1364:	83c1                	srli	a5,a5,0x10
    1366:	bfcd                	j	1358 <TIM_Cmd+0x8>

00001368 <TIM_CtrlPWMOutputs>:
    1368:	04455783          	lhu	a5,68(a0)
    136c:	c591                	beqz	a1,1378 <TIM_CtrlPWMOutputs+0x10>
    136e:	6721                	lui	a4,0x8
    1370:	8fd9                	or	a5,a5,a4
    1372:	04f51223          	sh	a5,68(a0)
    1376:	8082                	ret
    1378:	07c6                	slli	a5,a5,0x11
    137a:	83c5                	srli	a5,a5,0x11
    137c:	bfdd                	j	1372 <TIM_CtrlPWMOutputs+0xa>

0000137e <TIM_ARRPreloadConfig>:
    137e:	211e                	lhu	a5,0(a0)
    1380:	c589                	beqz	a1,138a <TIM_ARRPreloadConfig+0xc>
    1382:	0807e793          	ori	a5,a5,128
    1386:	a11e                	sh	a5,0(a0)
    1388:	8082                	ret
    138a:	07c2                	slli	a5,a5,0x10
    138c:	83c1                	srli	a5,a5,0x10
    138e:	f7f7f793          	andi	a5,a5,-129
    1392:	07c2                	slli	a5,a5,0x10
    1394:	83c1                	srli	a5,a5,0x10
    1396:	bfc5                	j	1386 <TIM_ARRPreloadConfig+0x8>

00001398 <TIM_OC2PreloadConfig>:
    1398:	2d1a                	lhu	a4,24(a0)
    139a:	77fd                	lui	a5,0xfffff
    139c:	7ff78793          	addi	a5,a5,2047 # fffff7ff <__global_pointer$+0xdfffee07>
    13a0:	8ff9                	and	a5,a5,a4
    13a2:	05a2                	slli	a1,a1,0x8
    13a4:	8fcd                	or	a5,a5,a1
    13a6:	07c2                	slli	a5,a5,0x10
    13a8:	83c1                	srli	a5,a5,0x10
    13aa:	ad1e                	sh	a5,24(a0)
    13ac:	8082                	ret

000013ae <TIM_OC3PreloadConfig>:
    13ae:	2d5e                	lhu	a5,28(a0)
    13b0:	07c2                	slli	a5,a5,0x10
    13b2:	83c1                	srli	a5,a5,0x10
    13b4:	9bdd                	andi	a5,a5,-9
    13b6:	8ddd                	or	a1,a1,a5
    13b8:	ad4e                	sh	a1,28(a0)
    13ba:	8082                	ret

000013bc <TIM_SetCompare3>:
    13bc:	dd4c                	sw	a1,60(a0)
    13be:	8082                	ret

000013c0 <USART_Init>:
    13c0:	ce1fe2ef          	jal	t0,a0 <__riscv_save_0>
    13c4:	2916                	lhu	a3,16(a0)
    13c6:	77f5                	lui	a5,0xffffd
    13c8:	17fd                	addi	a5,a5,-1
    13ca:	8ff5                	and	a5,a5,a3
    13cc:	21f6                	lhu	a3,6(a1)
    13ce:	25da                	lhu	a4,12(a1)
    13d0:	1121                	addi	sp,sp,-24
    13d2:	8fd5                	or	a5,a5,a3
    13d4:	a91e                	sh	a5,16(a0)
    13d6:	2556                	lhu	a3,12(a0)
    13d8:	77fd                	lui	a5,0xfffff
    13da:	9f378793          	addi	a5,a5,-1549 # ffffe9f3 <__global_pointer$+0xdfffdffb>
    13de:	8ff5                	and	a5,a5,a3
    13e0:	21d6                	lhu	a3,4(a1)
    13e2:	842a                	mv	s0,a0
    13e4:	c02e                	sw	a1,0(sp)
    13e6:	8fd5                	or	a5,a5,a3
    13e8:	2596                	lhu	a3,8(a1)
    13ea:	8fd5                	or	a5,a5,a3
    13ec:	25b6                	lhu	a3,10(a1)
    13ee:	8fd5                	or	a5,a5,a3
    13f0:	a55e                	sh	a5,12(a0)
    13f2:	295e                	lhu	a5,20(a0)
    13f4:	07c2                	slli	a5,a5,0x10
    13f6:	83c1                	srli	a5,a5,0x10
    13f8:	cff7f793          	andi	a5,a5,-769
    13fc:	8f5d                	or	a4,a4,a5
    13fe:	a95a                	sh	a4,20(a0)
    1400:	0048                	addi	a0,sp,4
    1402:	39e9                	jal	10dc <RCC_GetClocksFreq>
    1404:	400147b7          	lui	a5,0x40014
    1408:	80078793          	addi	a5,a5,-2048 # 40013800 <__global_pointer$+0x20012e08>
    140c:	4582                	lw	a1,0(sp)
    140e:	06f41263          	bne	s0,a5,1472 <USART_Init+0xb2>
    1412:	47c2                	lw	a5,16(sp)
    1414:	245a                	lhu	a4,12(s0)
    1416:	00179513          	slli	a0,a5,0x1
    141a:	953e                	add	a0,a0,a5
    141c:	0742                	slli	a4,a4,0x10
    141e:	050e                	slli	a0,a0,0x3
    1420:	8741                	srai	a4,a4,0x10
    1422:	953e                	add	a0,a0,a5
    1424:	418c                	lw	a1,0(a1)
    1426:	04075863          	bgez	a4,1476 <USART_Init+0xb6>
    142a:	0586                	slli	a1,a1,0x1
    142c:	ca9fe0ef          	jal	ra,d4 <__udivsi3>
    1430:	06400593          	li	a1,100
    1434:	c02a                	sw	a0,0(sp)
    1436:	c9ffe0ef          	jal	ra,d4 <__udivsi3>
    143a:	4782                	lw	a5,0(sp)
    143c:	00451493          	slli	s1,a0,0x4
    1440:	06400593          	li	a1,100
    1444:	853e                	mv	a0,a5
    1446:	cbbfe0ef          	jal	ra,100 <__umodsi3>
    144a:	245e                	lhu	a5,12(s0)
    144c:	07c2                	slli	a5,a5,0x10
    144e:	87c1                	srai	a5,a5,0x10
    1450:	0207d563          	bgez	a5,147a <USART_Init+0xba>
    1454:	050e                	slli	a0,a0,0x3
    1456:	06400593          	li	a1,100
    145a:	03250513          	addi	a0,a0,50
    145e:	c77fe0ef          	jal	ra,d4 <__udivsi3>
    1462:	891d                	andi	a0,a0,7
    1464:	8cc9                	or	s1,s1,a0
    1466:	04c2                	slli	s1,s1,0x10
    1468:	80c1                	srli	s1,s1,0x10
    146a:	a406                	sh	s1,8(s0)
    146c:	0161                	addi	sp,sp,24
    146e:	c3dfe06f          	j	aa <__riscv_restore_0>
    1472:	47b2                	lw	a5,12(sp)
    1474:	b745                	j	1414 <USART_Init+0x54>
    1476:	058a                	slli	a1,a1,0x2
    1478:	bf55                	j	142c <USART_Init+0x6c>
    147a:	0512                	slli	a0,a0,0x4
    147c:	06400593          	li	a1,100
    1480:	03250513          	addi	a0,a0,50
    1484:	c51fe0ef          	jal	ra,d4 <__udivsi3>
    1488:	893d                	andi	a0,a0,15
    148a:	bfe9                	j	1464 <USART_Init+0xa4>

0000148c <USART_Cmd>:
    148c:	c591                	beqz	a1,1498 <USART_Cmd+0xc>
    148e:	255e                	lhu	a5,12(a0)
    1490:	6709                	lui	a4,0x2
    1492:	8fd9                	or	a5,a5,a4
    1494:	a55e                	sh	a5,12(a0)
    1496:	8082                	ret
    1498:	255a                	lhu	a4,12(a0)
    149a:	77f9                	lui	a5,0xffffe
    149c:	17fd                	addi	a5,a5,-1
    149e:	8ff9                	and	a5,a5,a4
    14a0:	bfd5                	j	1494 <USART_Cmd+0x8>

000014a2 <USART_ITConfig>:
    14a2:	0ff5f713          	andi	a4,a1,255
    14a6:	4785                	li	a5,1
    14a8:	8315                	srli	a4,a4,0x5
    14aa:	00b795b3          	sll	a1,a5,a1
    14ae:	00f71963          	bne	a4,a5,14c0 <USART_ITConfig+0x1e>
    14b2:	00c50793          	addi	a5,a0,12
    14b6:	4398                	lw	a4,0(a5)
    14b8:	ce01                	beqz	a2,14d0 <USART_ITConfig+0x2e>
    14ba:	8dd9                	or	a1,a1,a4
    14bc:	c38c                	sw	a1,0(a5)
    14be:	8082                	ret
    14c0:	4689                	li	a3,2
    14c2:	01450793          	addi	a5,a0,20
    14c6:	fed718e3          	bne	a4,a3,14b6 <USART_ITConfig+0x14>
    14ca:	01050793          	addi	a5,a0,16
    14ce:	b7e5                	j	14b6 <USART_ITConfig+0x14>
    14d0:	fff5c593          	not	a1,a1
    14d4:	8df9                	and	a1,a1,a4
    14d6:	b7dd                	j	14bc <USART_ITConfig+0x1a>

000014d8 <USART_DMACmd>:
    14d8:	295e                	lhu	a5,20(a0)
    14da:	c601                	beqz	a2,14e2 <USART_DMACmd+0xa>
    14dc:	8ddd                	or	a1,a1,a5
    14de:	a94e                	sh	a1,20(a0)
    14e0:	8082                	ret
    14e2:	fff5c593          	not	a1,a1
    14e6:	8dfd                	and	a1,a1,a5
    14e8:	bfdd                	j	14de <USART_DMACmd+0x6>

000014ea <USART_SendData>:
    14ea:	1ff5f593          	andi	a1,a1,511
    14ee:	a14e                	sh	a1,4(a0)
    14f0:	8082                	ret

000014f2 <USART_GetFlagStatus>:
    14f2:	210a                	lhu	a0,0(a0)
    14f4:	8d6d                	and	a0,a0,a1
    14f6:	00a03533          	snez	a0,a0
    14fa:	8082                	ret

000014fc <USART_GetITStatus>:
    14fc:	0ff5f713          	andi	a4,a1,255
    1500:	4685                	li	a3,1
    1502:	8315                	srli	a4,a4,0x5
    1504:	00b697b3          	sll	a5,a3,a1
    1508:	02d71163          	bne	a4,a3,152a <USART_GetITStatus+0x2e>
    150c:	255a                	lhu	a4,12(a0)
    150e:	8ff9                	and	a5,a5,a4
    1510:	211a                	lhu	a4,0(a0)
    1512:	4501                	li	a0,0
    1514:	0742                	slli	a4,a4,0x10
    1516:	8341                	srli	a4,a4,0x10
    1518:	cb81                	beqz	a5,1528 <USART_GetITStatus+0x2c>
    151a:	4505                	li	a0,1
    151c:	81a1                	srli	a1,a1,0x8
    151e:	00b515b3          	sll	a1,a0,a1
    1522:	8f6d                	and	a4,a4,a1
    1524:	00e03533          	snez	a0,a4
    1528:	8082                	ret
    152a:	4689                	li	a3,2
    152c:	00d71463          	bne	a4,a3,1534 <USART_GetITStatus+0x38>
    1530:	291a                	lhu	a4,16(a0)
    1532:	bff1                	j	150e <USART_GetITStatus+0x12>
    1534:	295a                	lhu	a4,20(a0)
    1536:	bfe1                	j	150e <USART_GetITStatus+0x12>

00001538 <Delay_Init>:
    1538:	b69fe2ef          	jal	t0,a0 <__riscv_save_0>
    153c:	200007b7          	lui	a5,0x20000
    1540:	0007a503          	lw	a0,0(a5) # 20000000 <_highcode_vma_end>
    1544:	007a15b7          	lui	a1,0x7a1
    1548:	20058593          	addi	a1,a1,512 # 7a1200 <_data_lma+0x79e570>
    154c:	b89fe0ef          	jal	ra,d4 <__udivsi3>
    1550:	0ff57513          	andi	a0,a0,255
    1554:	86a18323          	sb	a0,-1946(gp) # 2000025e <p_us>
    1558:	00551793          	slli	a5,a0,0x5
    155c:	8f89                	sub	a5,a5,a0
    155e:	078a                	slli	a5,a5,0x2
    1560:	953e                	add	a0,a0,a5
    1562:	050e                	slli	a0,a0,0x3
    1564:	86a19223          	sh	a0,-1948(gp) # 2000025c <p_ms>
    1568:	b43fe06f          	j	aa <__riscv_restore_0>

0000156c <_write>:
    156c:	b35fe2ef          	jal	t0,a0 <__riscv_save_0>
    1570:	1171                	addi	sp,sp,-4
    1572:	84ae                	mv	s1,a1
    1574:	4401                	li	s0,0
    1576:	02c45d63          	bge	s0,a2,15b0 <_write+0x44>
    157a:	400147b7          	lui	a5,0x40014
    157e:	80078713          	addi	a4,a5,-2048 # 40013800 <__global_pointer$+0x20012e08>
    1582:	853a                	mv	a0,a4
    1584:	04000593          	li	a1,64
    1588:	c032                	sw	a2,0(sp)
    158a:	37a5                	jal	14f2 <USART_GetFlagStatus>
    158c:	400147b7          	lui	a5,0x40014
    1590:	80078713          	addi	a4,a5,-2048 # 40013800 <__global_pointer$+0x20012e08>
    1594:	4602                	lw	a2,0(sp)
    1596:	d575                	beqz	a0,1582 <_write+0x16>
    1598:	00848733          	add	a4,s1,s0
    159c:	00070583          	lb	a1,0(a4) # 2000 <__ssvfiscanf_r+0x326>
    15a0:	80078513          	addi	a0,a5,-2048
    15a4:	0405                	addi	s0,s0,1
    15a6:	05c2                	slli	a1,a1,0x10
    15a8:	81c1                	srli	a1,a1,0x10
    15aa:	3781                	jal	14ea <USART_SendData>
    15ac:	4602                	lw	a2,0(sp)
    15ae:	b7e1                	j	1576 <_write+0xa>
    15b0:	8532                	mv	a0,a2
    15b2:	0111                	addi	sp,sp,4
    15b4:	af7fe06f          	j	aa <__riscv_restore_0>

000015b8 <_sbrk>:
    15b8:	20000737          	lui	a4,0x20000
    15bc:	02870713          	addi	a4,a4,40 # 20000028 <curbrk.4091>
    15c0:	431c                	lw	a5,0(a4)
    15c2:	86c18693          	addi	a3,gp,-1940 # 20000264 <_ebss>
    15c6:	953e                	add	a0,a0,a5
    15c8:	00d56963          	bltu	a0,a3,15da <_sbrk+0x22>
    15cc:	d0818693          	addi	a3,gp,-760 # 20000700 <_heap_end>
    15d0:	00a6e563          	bltu	a3,a0,15da <_sbrk+0x22>
    15d4:	c308                	sw	a0,0(a4)
    15d6:	853e                	mv	a0,a5
    15d8:	8082                	ret
    15da:	57fd                	li	a5,-1
    15dc:	bfed                	j	15d6 <_sbrk+0x1e>

000015de <printchar>:
    15de:	1141                	addi	sp,sp,-16
    15e0:	c606                	sw	ra,12(sp)
    15e2:	c02e                	sw	a1,0(sp)
    15e4:	cd0d                	beqz	a0,161e <printchar+0x40>
    15e6:	4118                	lw	a4,0(a0)
    15e8:	87aa                	mv	a5,a0
    15ea:	c305                	beqz	a4,160a <printchar+0x2c>
    15ec:	4158                	lw	a4,4(a0)
    15ee:	557d                	li	a0,-1
    15f0:	cb11                	beqz	a4,1604 <printchar+0x26>
    15f2:	4685                	li	a3,1
    15f4:	00d71b63          	bne	a4,a3,160a <printchar+0x2c>
    15f8:	4798                	lw	a4,8(a5)
    15fa:	00070023          	sb	zero,0(a4)
    15fe:	0007a223          	sw	zero,4(a5)
    1602:	4505                	li	a0,1
    1604:	40b2                	lw	ra,12(sp)
    1606:	0141                	addi	sp,sp,16
    1608:	8082                	ret
    160a:	4798                	lw	a4,8(a5)
    160c:	4682                	lw	a3,0(sp)
    160e:	a314                	sb	a3,0(a4)
    1610:	4798                	lw	a4,8(a5)
    1612:	0705                	addi	a4,a4,1
    1614:	c798                	sw	a4,8(a5)
    1616:	43d8                	lw	a4,4(a5)
    1618:	177d                	addi	a4,a4,-1
    161a:	c3d8                	sw	a4,4(a5)
    161c:	b7dd                	j	1602 <printchar+0x24>
    161e:	4605                	li	a2,1
    1620:	858a                	mv	a1,sp
    1622:	37a9                	jal	156c <_write>
    1624:	bff9                	j	1602 <printchar+0x24>

00001626 <prints>:
    1626:	1101                	addi	sp,sp,-32
    1628:	cc22                	sw	s0,24(sp)
    162a:	c22e                	sw	a1,4(sp)
    162c:	ce06                	sw	ra,28(sp)
    162e:	ca26                	sw	s1,20(sp)
    1630:	842a                	mv	s0,a0
    1632:	4781                	li	a5,0
    1634:	02000593          	li	a1,32
    1638:	02064563          	bltz	a2,1662 <prints+0x3c>
    163c:	4592                	lw	a1,4(sp)
    163e:	95be                	add	a1,a1,a5
    1640:	00058583          	lb	a1,0(a1)
    1644:	e58d                	bnez	a1,166e <prints+0x48>
    1646:	02c7d863          	bge	a5,a2,1676 <prints+0x50>
    164a:	02e7d463          	bge	a5,a4,1672 <prints+0x4c>
    164e:	8e19                	sub	a2,a2,a4
    1650:	02000513          	li	a0,32
    1654:	0026f593          	andi	a1,a3,2
    1658:	c02a                	sw	a0,0(sp)
    165a:	c589                	beqz	a1,1664 <prints+0x3e>
    165c:	e701                	bnez	a4,1664 <prints+0x3e>
    165e:	03000593          	li	a1,48
    1662:	c02e                	sw	a1,0(sp)
    1664:	8a85                	andi	a3,a3,1
    1666:	4481                	li	s1,0
    1668:	ea95                	bnez	a3,169c <prints+0x76>
    166a:	84b2                	mv	s1,a2
    166c:	a00d                	j	168e <prints+0x68>
    166e:	0785                	addi	a5,a5,1
    1670:	b7f1                	j	163c <prints+0x16>
    1672:	8e1d                	sub	a2,a2,a5
    1674:	bff1                	j	1650 <prints+0x2a>
    1676:	4601                	li	a2,0
    1678:	bfe1                	j	1650 <prints+0x2a>
    167a:	4582                	lw	a1,0(sp)
    167c:	8522                	mv	a0,s0
    167e:	c83a                	sw	a4,16(sp)
    1680:	c632                	sw	a2,12(sp)
    1682:	c43e                	sw	a5,8(sp)
    1684:	3fa9                	jal	15de <printchar>
    1686:	47a2                	lw	a5,8(sp)
    1688:	4632                	lw	a2,12(sp)
    168a:	4742                	lw	a4,16(sp)
    168c:	14fd                	addi	s1,s1,-1
    168e:	fe9046e3          	bgtz	s1,167a <prints+0x54>
    1692:	84b2                	mv	s1,a2
    1694:	00065363          	bgez	a2,169a <prints+0x74>
    1698:	4481                	li	s1,0
    169a:	8e05                	sub	a2,a2,s1
    169c:	02e7c763          	blt	a5,a4,16ca <prints+0xa4>
    16a0:	87a6                	mv	a5,s1
    16a2:	4692                	lw	a3,4(sp)
    16a4:	40978733          	sub	a4,a5,s1
    16a8:	9736                	add	a4,a4,a3
    16aa:	00070583          	lb	a1,0(a4)
    16ae:	ed95                	bnez	a1,16ea <prints+0xc4>
    16b0:	84b2                	mv	s1,a2
    16b2:	04904463          	bgtz	s1,16fa <prints+0xd4>
    16b6:	00065363          	bgez	a2,16bc <prints+0x96>
    16ba:	4601                	li	a2,0
    16bc:	40f2                	lw	ra,28(sp)
    16be:	4462                	lw	s0,24(sp)
    16c0:	44d2                	lw	s1,20(sp)
    16c2:	00f60533          	add	a0,a2,a5
    16c6:	6105                	addi	sp,sp,32
    16c8:	8082                	ret
    16ca:	8f1d                	sub	a4,a4,a5
    16cc:	87ba                	mv	a5,a4
    16ce:	03000593          	li	a1,48
    16d2:	8522                	mv	a0,s0
    16d4:	c832                	sw	a2,16(sp)
    16d6:	c63e                	sw	a5,12(sp)
    16d8:	c43a                	sw	a4,8(sp)
    16da:	3711                	jal	15de <printchar>
    16dc:	47b2                	lw	a5,12(sp)
    16de:	4722                	lw	a4,8(sp)
    16e0:	4642                	lw	a2,16(sp)
    16e2:	17fd                	addi	a5,a5,-1
    16e4:	f7ed                	bnez	a5,16ce <prints+0xa8>
    16e6:	94ba                	add	s1,s1,a4
    16e8:	bf65                	j	16a0 <prints+0x7a>
    16ea:	8522                	mv	a0,s0
    16ec:	c632                	sw	a2,12(sp)
    16ee:	c43e                	sw	a5,8(sp)
    16f0:	35fd                	jal	15de <printchar>
    16f2:	47a2                	lw	a5,8(sp)
    16f4:	4632                	lw	a2,12(sp)
    16f6:	0785                	addi	a5,a5,1
    16f8:	b76d                	j	16a2 <prints+0x7c>
    16fa:	4582                	lw	a1,0(sp)
    16fc:	8522                	mv	a0,s0
    16fe:	c432                	sw	a2,8(sp)
    1700:	c23e                	sw	a5,4(sp)
    1702:	3df1                	jal	15de <printchar>
    1704:	14fd                	addi	s1,s1,-1
    1706:	4622                	lw	a2,8(sp)
    1708:	4792                	lw	a5,4(sp)
    170a:	b765                	j	16b2 <prints+0x8c>

0000170c <printInt>:
    170c:	7139                	addi	sp,sp,-64
    170e:	de06                	sw	ra,60(sp)
    1710:	dc22                	sw	s0,56(sp)
    1712:	da26                	sw	s1,52(sp)
    1714:	c23e                	sw	a5,4(sp)
    1716:	8332                	mv	t1,a2
    1718:	863a                	mv	a2,a4
    171a:	ed89                	bnez	a1,1734 <printInt+0x28>
    171c:	4692                	lw	a3,4(sp)
    171e:	03000793          	li	a5,48
    1722:	4701                	li	a4,0
    1724:	086c                	addi	a1,sp,28
    1726:	86fc                	sh	a5,28(sp)
    1728:	3dfd                	jal	1626 <prints>
    172a:	50f2                	lw	ra,60(sp)
    172c:	5462                	lw	s0,56(sp)
    172e:	54d2                	lw	s1,52(sp)
    1730:	6121                	addi	sp,sp,64
    1732:	8082                	ret
    1734:	84aa                	mv	s1,a0
    1736:	8436                	mv	s0,a3
    1738:	87ae                	mv	a5,a1
    173a:	ca91                	beqz	a3,174e <printInt+0x42>
    173c:	4729                	li	a4,10
    173e:	4401                	li	s0,0
    1740:	00e31763          	bne	t1,a4,174e <printInt+0x42>
    1744:	0005d563          	bgez	a1,174e <printInt+0x42>
    1748:	40b007b3          	neg	a5,a1
    174c:	4405                	li	s0,1
    174e:	4686                	lw	a3,64(sp)
    1750:	020109a3          	sb	zero,51(sp)
    1754:	03310713          	addi	a4,sp,51
    1758:	fc668693          	addi	a3,a3,-58
    175c:	c436                	sw	a3,8(sp)
    175e:	859a                	mv	a1,t1
    1760:	853e                	mv	a0,a5
    1762:	ca32                	sw	a2,20(sp)
    1764:	c83a                	sw	a4,16(sp)
    1766:	c61a                	sw	t1,12(sp)
    1768:	c03e                	sw	a5,0(sp)
    176a:	997fe0ef          	jal	ra,100 <__umodsi3>
    176e:	46a5                	li	a3,9
    1770:	4782                	lw	a5,0(sp)
    1772:	4332                	lw	t1,12(sp)
    1774:	4742                	lw	a4,16(sp)
    1776:	4652                	lw	a2,20(sp)
    1778:	00a6d463          	bge	a3,a0,1780 <printInt+0x74>
    177c:	46a2                	lw	a3,8(sp)
    177e:	9536                	add	a0,a0,a3
    1780:	03050513          	addi	a0,a0,48
    1784:	fff70693          	addi	a3,a4,-1
    1788:	fea70fa3          	sb	a0,-1(a4)
    178c:	859a                	mv	a1,t1
    178e:	853e                	mv	a0,a5
    1790:	cc32                	sw	a2,24(sp)
    1792:	ca3a                	sw	a4,20(sp)
    1794:	c81a                	sw	t1,16(sp)
    1796:	c63e                	sw	a5,12(sp)
    1798:	c036                	sw	a3,0(sp)
    179a:	93bfe0ef          	jal	ra,d4 <__udivsi3>
    179e:	47b2                	lw	a5,12(sp)
    17a0:	4342                	lw	t1,16(sp)
    17a2:	4752                	lw	a4,20(sp)
    17a4:	4662                	lw	a2,24(sp)
    17a6:	0467f963          	bgeu	a5,t1,17f8 <printInt+0xec>
    17aa:	cc01                	beqz	s0,17c2 <printInt+0xb6>
    17ac:	ca29                	beqz	a2,17fe <printInt+0xf2>
    17ae:	4792                	lw	a5,4(sp)
    17b0:	8b89                	andi	a5,a5,2
    17b2:	c7b1                	beqz	a5,17fe <printInt+0xf2>
    17b4:	02d00593          	li	a1,45
    17b8:	8526                	mv	a0,s1
    17ba:	c432                	sw	a2,8(sp)
    17bc:	350d                	jal	15de <printchar>
    17be:	4622                	lw	a2,8(sp)
    17c0:	167d                	addi	a2,a2,-1
    17c2:	4792                	lw	a5,4(sp)
    17c4:	8b91                	andi	a5,a5,4
    17c6:	c395                	beqz	a5,17ea <printInt+0xde>
    17c8:	4706                	lw	a4,64(sp)
    17ca:	06100793          	li	a5,97
    17ce:	c432                	sw	a2,8(sp)
    17d0:	03000593          	li	a1,48
    17d4:	8526                	mv	a0,s1
    17d6:	02f71e63          	bne	a4,a5,1812 <printInt+0x106>
    17da:	3511                	jal	15de <printchar>
    17dc:	07800593          	li	a1,120
    17e0:	8526                	mv	a0,s1
    17e2:	3bf5                	jal	15de <printchar>
    17e4:	4622                	lw	a2,8(sp)
    17e6:	0409                	addi	s0,s0,2
    17e8:	1679                	addi	a2,a2,-2
    17ea:	4716                	lw	a4,68(sp)
    17ec:	4692                	lw	a3,4(sp)
    17ee:	4582                	lw	a1,0(sp)
    17f0:	8526                	mv	a0,s1
    17f2:	3d15                	jal	1626 <prints>
    17f4:	9522                	add	a0,a0,s0
    17f6:	bf15                	j	172a <printInt+0x1e>
    17f8:	87aa                	mv	a5,a0
    17fa:	4702                	lw	a4,0(sp)
    17fc:	b78d                	j	175e <printInt+0x52>
    17fe:	4682                	lw	a3,0(sp)
    1800:	02d00793          	li	a5,45
    1804:	4401                	li	s0,0
    1806:	fef68fa3          	sb	a5,-1(a3)
    180a:	ffe70793          	addi	a5,a4,-2
    180e:	c03e                	sw	a5,0(sp)
    1810:	bf4d                	j	17c2 <printInt+0xb6>
    1812:	33f1                	jal	15de <printchar>
    1814:	05800593          	li	a1,88
    1818:	b7e1                	j	17e0 <printInt+0xd4>

0000181a <printLongLongInt>:
    181a:	4501                	li	a0,0
    181c:	8082                	ret

0000181e <printDouble>:
    181e:	4501                	li	a0,0
    1820:	8082                	ret

00001822 <print>:
    1822:	fd810113          	addi	sp,sp,-40
    1826:	d022                	sw	s0,32(sp)
    1828:	ce26                	sw	s1,28(sp)
    182a:	d206                	sw	ra,36(sp)
    182c:	c42a                	sw	a0,8(sp)
    182e:	82ae                	mv	t0,a1
    1830:	8432                	mv	s0,a2
    1832:	c602                	sw	zero,12(sp)
    1834:	4481                	li	s1,0
    1836:	00028583          	lb	a1,0(t0)
    183a:	ed89                	bnez	a1,1854 <print+0x32>
    183c:	47a2                	lw	a5,8(sp)
    183e:	c781                	beqz	a5,1846 <print+0x24>
    1840:	4581                	li	a1,0
    1842:	853e                	mv	a0,a5
    1844:	3b69                	jal	15de <printchar>
    1846:	5092                	lw	ra,36(sp)
    1848:	5402                	lw	s0,32(sp)
    184a:	8526                	mv	a0,s1
    184c:	44f2                	lw	s1,28(sp)
    184e:	02810113          	addi	sp,sp,40
    1852:	8082                	ret
    1854:	02500793          	li	a5,37
    1858:	00f58863          	beq	a1,a5,1868 <print+0x46>
    185c:	4522                	lw	a0,8(sp)
    185e:	c816                	sw	t0,16(sp)
    1860:	0485                	addi	s1,s1,1
    1862:	3bb5                	jal	15de <printchar>
    1864:	42c2                	lw	t0,16(sp)
    1866:	a839                	j	1884 <print+0x62>
    1868:	00128783          	lb	a5,1(t0)
    186c:	00128713          	addi	a4,t0,1
    1870:	00b79c63          	bne	a5,a1,1888 <print+0x66>
    1874:	4522                	lw	a0,8(sp)
    1876:	02500593          	li	a1,37
    187a:	c83a                	sw	a4,16(sp)
    187c:	338d                	jal	15de <printchar>
    187e:	4742                	lw	a4,16(sp)
    1880:	0485                	addi	s1,s1,1
    1882:	82ba                	mv	t0,a4
    1884:	0285                	addi	t0,t0,1
    1886:	bf45                	j	1836 <print+0x14>
    1888:	dbd5                	beqz	a5,183c <print+0x1a>
    188a:	02b00693          	li	a3,43
    188e:	04d78963          	beq	a5,a3,18e0 <print+0xbe>
    1892:	00f6c863          	blt	a3,a5,18a2 <print+0x80>
    1896:	02300693          	li	a3,35
    189a:	04d78663          	beq	a5,a3,18e6 <print+0xc4>
    189e:	4781                	li	a5,0
    18a0:	a005                	j	18c0 <print+0x9e>
    18a2:	02d00693          	li	a3,45
    18a6:	00d78a63          	beq	a5,a3,18ba <print+0x98>
    18aa:	03000693          	li	a3,48
    18ae:	fed798e3          	bne	a5,a3,189e <print+0x7c>
    18b2:	00228713          	addi	a4,t0,2
    18b6:	4789                	li	a5,2
    18b8:	a021                	j	18c0 <print+0x9e>
    18ba:	00228713          	addi	a4,t0,2
    18be:	4785                	li	a5,1
    18c0:	00070683          	lb	a3,0(a4)
    18c4:	02b00613          	li	a2,43
    18c8:	04c68363          	beq	a3,a2,190e <print+0xec>
    18cc:	02d64163          	blt	a2,a3,18ee <print+0xcc>
    18d0:	02300613          	li	a2,35
    18d4:	02c68b63          	beq	a3,a2,190a <print+0xe8>
    18d8:	82ba                	mv	t0,a4
    18da:	4501                	li	a0,0
    18dc:	46a5                	li	a3,9
    18de:	a081                	j	191e <print+0xfc>
    18e0:	00228713          	addi	a4,t0,2
    18e4:	bf6d                	j	189e <print+0x7c>
    18e6:	00228713          	addi	a4,t0,2
    18ea:	4791                	li	a5,4
    18ec:	bfd1                	j	18c0 <print+0x9e>
    18ee:	02d00613          	li	a2,45
    18f2:	00c68963          	beq	a3,a2,1904 <print+0xe2>
    18f6:	03000613          	li	a2,48
    18fa:	fcc69fe3          	bne	a3,a2,18d8 <print+0xb6>
    18fe:	0027e793          	ori	a5,a5,2
    1902:	a031                	j	190e <print+0xec>
    1904:	0705                	addi	a4,a4,1
    1906:	4785                	li	a5,1
    1908:	bfc1                	j	18d8 <print+0xb6>
    190a:	0047e793          	ori	a5,a5,4
    190e:	0705                	addi	a4,a4,1
    1910:	b7e1                	j	18d8 <print+0xb6>
    1912:	00251613          	slli	a2,a0,0x2
    1916:	9532                	add	a0,a0,a2
    1918:	0506                	slli	a0,a0,0x1
    191a:	953a                	add	a0,a0,a4
    191c:	0285                	addi	t0,t0,1
    191e:	00028603          	lb	a2,0(t0)
    1922:	fd060713          	addi	a4,a2,-48
    1926:	0ff77593          	andi	a1,a4,255
    192a:	feb6f4e3          	bgeu	a3,a1,1912 <print+0xf0>
    192e:	02e00713          	li	a4,46
    1932:	4699                	li	a3,6
    1934:	00e61e63          	bne	a2,a4,1950 <print+0x12e>
    1938:	0285                	addi	t0,t0,1
    193a:	4681                	li	a3,0
    193c:	45a5                	li	a1,9
    193e:	00028603          	lb	a2,0(t0)
    1942:	fd060613          	addi	a2,a2,-48
    1946:	0ff67713          	andi	a4,a2,255
    194a:	02e5f563          	bgeu	a1,a4,1974 <print+0x152>
    194e:	c636                	sw	a3,12(sp)
    1950:	00028703          	lb	a4,0(t0)
    1954:	06a00613          	li	a2,106
    1958:	0ac70d63          	beq	a4,a2,1a12 <print+0x1f0>
    195c:	02e64363          	blt	a2,a4,1982 <print+0x160>
    1960:	04c00613          	li	a2,76
    1964:	0ac70763          	beq	a4,a2,1a12 <print+0x1f0>
    1968:	06800613          	li	a2,104
    196c:	08c70c63          	beq	a4,a2,1a04 <print+0x1e2>
    1970:	4581                	li	a1,0
    1972:	a82d                	j	19ac <print+0x18a>
    1974:	00269713          	slli	a4,a3,0x2
    1978:	96ba                	add	a3,a3,a4
    197a:	0686                	slli	a3,a3,0x1
    197c:	96b2                	add	a3,a3,a2
    197e:	0285                	addi	t0,t0,1
    1980:	bf7d                	j	193e <print+0x11c>
    1982:	07400613          	li	a2,116
    1986:	08c70663          	beq	a4,a2,1a12 <print+0x1f0>
    198a:	07a00613          	li	a2,122
    198e:	08c70263          	beq	a4,a2,1a12 <print+0x1f0>
    1992:	06c00613          	li	a2,108
    1996:	4581                	li	a1,0
    1998:	00c71a63          	bne	a4,a2,19ac <print+0x18a>
    199c:	00128603          	lb	a2,1(t0)
    19a0:	458d                	li	a1,3
    19a2:	00e61463          	bne	a2,a4,19aa <print+0x188>
    19a6:	0285                	addi	t0,t0,1
    19a8:	4591                	li	a1,4
    19aa:	0285                	addi	t0,t0,1
    19ac:	00028603          	lb	a2,0(t0)
    19b0:	06000393          	li	t2,96
    19b4:	06100713          	li	a4,97
    19b8:	00c3c463          	blt	t2,a2,19c0 <print+0x19e>
    19bc:	04100713          	li	a4,65
    19c0:	06700393          	li	t2,103
    19c4:	06c3c463          	blt	t2,a2,1a2c <print+0x20a>
    19c8:	06500393          	li	t2,101
    19cc:	18765363          	bge	a2,t2,1b52 <print+0x330>
    19d0:	04700393          	li	t2,71
    19d4:	04c3c163          	blt	t2,a2,1a16 <print+0x1f4>
    19d8:	04500593          	li	a1,69
    19dc:	16b65b63          	bge	a2,a1,1b52 <print+0x330>
    19e0:	04300713          	li	a4,67
    19e4:	eae610e3          	bne	a2,a4,1884 <print+0x62>
    19e8:	4018                	lw	a4,0(s0)
    19ea:	00440393          	addi	t2,s0,4 # 40022004 <__global_pointer$+0x2002160c>
    19ee:	ca16                	sw	t0,20(sp)
    19f0:	00e10c23          	sb	a4,24(sp)
    19f4:	c81e                	sw	t2,16(sp)
    19f6:	00010ca3          	sb	zero,25(sp)
    19fa:	4701                	li	a4,0
    19fc:	86be                	mv	a3,a5
    19fe:	862a                	mv	a2,a0
    1a00:	082c                	addi	a1,sp,24
    1a02:	a849                	j	1a94 <print+0x272>
    1a04:	00128603          	lb	a2,1(t0)
    1a08:	4581                	li	a1,0
    1a0a:	fae611e3          	bne	a2,a4,19ac <print+0x18a>
    1a0e:	0289                	addi	t0,t0,2
    1a10:	bf71                	j	19ac <print+0x18a>
    1a12:	0285                	addi	t0,t0,1
    1a14:	bfb1                	j	1970 <print+0x14e>
    1a16:	06300693          	li	a3,99
    1a1a:	fcd607e3          	beq	a2,a3,19e8 <print+0x1c6>
    1a1e:	06c6ce63          	blt	a3,a2,1a9a <print+0x278>
    1a22:	05800693          	li	a3,88
    1a26:	02d60363          	beq	a2,a3,1a4c <print+0x22a>
    1a2a:	bda9                	j	1884 <print+0x62>
    1a2c:	07300693          	li	a3,115
    1a30:	04d60463          	beq	a2,a3,1a78 <print+0x256>
    1a34:	02c6cb63          	blt	a3,a2,1a6a <print+0x248>
    1a38:	06f00693          	li	a3,111
    1a3c:	0ed60263          	beq	a2,a3,1b20 <print+0x2fe>
    1a40:	07000693          	li	a3,112
    1a44:	0047e793          	ori	a5,a5,4
    1a48:	e2d61ee3          	bne	a2,a3,1884 <print+0x62>
    1a4c:	4691                	li	a3,4
    1a4e:	0ad59f63          	bne	a1,a3,1b0c <print+0x2ea>
    1a52:	00840393          	addi	t2,s0,8
    1a56:	400c                	lw	a1,0(s0)
    1a58:	4050                	lw	a2,4(s0)
    1a5a:	ca16                	sw	t0,20(sp)
    1a5c:	c23a                	sw	a4,4(sp)
    1a5e:	c03e                	sw	a5,0(sp)
    1a60:	c81e                	sw	t2,16(sp)
    1a62:	87aa                	mv	a5,a0
    1a64:	4701                	li	a4,0
    1a66:	46c1                	li	a3,16
    1a68:	a0b9                	j	1ab6 <print+0x294>
    1a6a:	07500693          	li	a3,117
    1a6e:	06d60863          	beq	a2,a3,1ade <print+0x2bc>
    1a72:	07800693          	li	a3,120
    1a76:	bf45                	j	1a26 <print+0x204>
    1a78:	4018                	lw	a4,0(s0)
    1a7a:	000036b7          	lui	a3,0x3
    1a7e:	00440393          	addi	t2,s0,4
    1a82:	aec68593          	addi	a1,a3,-1300 # 2aec <_malloc_usable_size_r+0x36>
    1a86:	c311                	beqz	a4,1a8a <print+0x268>
    1a88:	85ba                	mv	a1,a4
    1a8a:	4732                	lw	a4,12(sp)
    1a8c:	ca16                	sw	t0,20(sp)
    1a8e:	c81e                	sw	t2,16(sp)
    1a90:	86be                	mv	a3,a5
    1a92:	862a                	mv	a2,a0
    1a94:	4522                	lw	a0,8(sp)
    1a96:	3e41                	jal	1626 <prints>
    1a98:	a00d                	j	1aba <print+0x298>
    1a9a:	4691                	li	a3,4
    1a9c:	02d59463          	bne	a1,a3,1ac4 <print+0x2a2>
    1aa0:	00840393          	addi	t2,s0,8
    1aa4:	400c                	lw	a1,0(s0)
    1aa6:	4050                	lw	a2,4(s0)
    1aa8:	ca16                	sw	t0,20(sp)
    1aaa:	c23a                	sw	a4,4(sp)
    1aac:	c03e                	sw	a5,0(sp)
    1aae:	c81e                	sw	t2,16(sp)
    1ab0:	87aa                	mv	a5,a0
    1ab2:	4705                	li	a4,1
    1ab4:	46a9                	li	a3,10
    1ab6:	4522                	lw	a0,8(sp)
    1ab8:	338d                	jal	181a <printLongLongInt>
    1aba:	43c2                	lw	t2,16(sp)
    1abc:	94aa                	add	s1,s1,a0
    1abe:	841e                	mv	s0,t2
    1ac0:	42d2                	lw	t0,20(sp)
    1ac2:	b3c9                	j	1884 <print+0x62>
    1ac4:	46b2                	lw	a3,12(sp)
    1ac6:	400c                	lw	a1,0(s0)
    1ac8:	c816                	sw	t0,16(sp)
    1aca:	c236                	sw	a3,4(sp)
    1acc:	c03a                	sw	a4,0(sp)
    1ace:	0411                	addi	s0,s0,4
    1ad0:	872a                	mv	a4,a0
    1ad2:	4685                	li	a3,1
    1ad4:	4629                	li	a2,10
    1ad6:	4522                	lw	a0,8(sp)
    1ad8:	3915                	jal	170c <printInt>
    1ada:	94aa                	add	s1,s1,a0
    1adc:	b361                	j	1864 <print+0x42>
    1ade:	4691                	li	a3,4
    1ae0:	00d59d63          	bne	a1,a3,1afa <print+0x2d8>
    1ae4:	00840393          	addi	t2,s0,8
    1ae8:	400c                	lw	a1,0(s0)
    1aea:	4050                	lw	a2,4(s0)
    1aec:	ca16                	sw	t0,20(sp)
    1aee:	c23a                	sw	a4,4(sp)
    1af0:	c03e                	sw	a5,0(sp)
    1af2:	c81e                	sw	t2,16(sp)
    1af4:	87aa                	mv	a5,a0
    1af6:	4701                	li	a4,0
    1af8:	bf75                	j	1ab4 <print+0x292>
    1afa:	46b2                	lw	a3,12(sp)
    1afc:	400c                	lw	a1,0(s0)
    1afe:	c816                	sw	t0,16(sp)
    1b00:	c236                	sw	a3,4(sp)
    1b02:	c03a                	sw	a4,0(sp)
    1b04:	0411                	addi	s0,s0,4
    1b06:	872a                	mv	a4,a0
    1b08:	4681                	li	a3,0
    1b0a:	b7e9                	j	1ad4 <print+0x2b2>
    1b0c:	46b2                	lw	a3,12(sp)
    1b0e:	c816                	sw	t0,16(sp)
    1b10:	400c                	lw	a1,0(s0)
    1b12:	4641                	li	a2,16
    1b14:	c236                	sw	a3,4(sp)
    1b16:	c03a                	sw	a4,0(sp)
    1b18:	0411                	addi	s0,s0,4
    1b1a:	872a                	mv	a4,a0
    1b1c:	4681                	li	a3,0
    1b1e:	bf65                	j	1ad6 <print+0x2b4>
    1b20:	4691                	li	a3,4
    1b22:	00d59e63          	bne	a1,a3,1b3e <print+0x31c>
    1b26:	00840393          	addi	t2,s0,8
    1b2a:	400c                	lw	a1,0(s0)
    1b2c:	4050                	lw	a2,4(s0)
    1b2e:	ca16                	sw	t0,20(sp)
    1b30:	c23a                	sw	a4,4(sp)
    1b32:	c03e                	sw	a5,0(sp)
    1b34:	c81e                	sw	t2,16(sp)
    1b36:	87aa                	mv	a5,a0
    1b38:	4701                	li	a4,0
    1b3a:	46a1                	li	a3,8
    1b3c:	bfad                	j	1ab6 <print+0x294>
    1b3e:	46b2                	lw	a3,12(sp)
    1b40:	400c                	lw	a1,0(s0)
    1b42:	c816                	sw	t0,16(sp)
    1b44:	c236                	sw	a3,4(sp)
    1b46:	c03a                	sw	a4,0(sp)
    1b48:	0411                	addi	s0,s0,4
    1b4a:	872a                	mv	a4,a0
    1b4c:	4681                	li	a3,0
    1b4e:	4621                	li	a2,8
    1b50:	b759                	j	1ad6 <print+0x2b4>
    1b52:	400c                	lw	a1,0(s0)
    1b54:	00840613          	addi	a2,s0,8
    1b58:	4040                	lw	s0,4(s0)
    1b5a:	c23a                	sw	a4,4(sp)
    1b5c:	872a                	mv	a4,a0
    1b5e:	4522                	lw	a0,8(sp)
    1b60:	c832                	sw	a2,16(sp)
    1b62:	c03e                	sw	a5,0(sp)
    1b64:	8622                	mv	a2,s0
    1b66:	87b6                	mv	a5,a3
    1b68:	46a9                	li	a3,10
    1b6a:	ca16                	sw	t0,20(sp)
    1b6c:	394d                	jal	181e <printDouble>
    1b6e:	94aa                	add	s1,s1,a0
    1b70:	4442                	lw	s0,16(sp)
    1b72:	b7b9                	j	1ac0 <print+0x29e>

00001b74 <sprintf>:
    1b74:	fd410113          	addi	sp,sp,-44
    1b78:	ce32                	sw	a2,28(sp)
    1b7a:	d43e                	sw	a5,40(sp)
    1b7c:	c62a                	sw	a0,12(sp)
    1b7e:	0870                	addi	a2,sp,28
    1b80:	57fd                	li	a5,-1
    1b82:	0048                	addi	a0,sp,4
    1b84:	cc06                	sw	ra,24(sp)
    1b86:	d036                	sw	a3,32(sp)
    1b88:	d23a                	sw	a4,36(sp)
    1b8a:	c202                	sw	zero,4(sp)
    1b8c:	c43e                	sw	a5,8(sp)
    1b8e:	c032                	sw	a2,0(sp)
    1b90:	3949                	jal	1822 <print>
    1b92:	40e2                	lw	ra,24(sp)
    1b94:	02c10113          	addi	sp,sp,44
    1b98:	8082                	ret

00001b9a <siscanf>:
    1b9a:	f7410113          	addi	sp,sp,-140
    1b9e:	c53e                	sw	a5,136(sp)
    1ba0:	20400793          	li	a5,516
    1ba4:	dc86                	sw	ra,120(sp)
    1ba6:	c02e                	sw	a1,0(sp)
    1ba8:	deb2                	sw	a2,124(sp)
    1baa:	c136                	sw	a3,128(sp)
    1bac:	c33a                	sw	a4,132(sp)
    1bae:	82fc                	sh	a5,20(sp)
    1bb0:	c42a                	sw	a0,8(sp)
    1bb2:	cc2a                	sw	a0,24(sp)
    1bb4:	282d                	jal	1bee <strlen>
    1bb6:	00000797          	auipc	a5,0x0
    1bba:	03478793          	addi	a5,a5,52 # 1bea <__seofread>
    1bbe:	d63e                	sw	a5,44(sp)
    1bc0:	57fd                	li	a5,-1
    1bc2:	4582                	lw	a1,0(sp)
    1bc4:	83fc                	sh	a5,22(sp)
    1bc6:	1fffe797          	auipc	a5,0x1fffe
    1bca:	63278793          	addi	a5,a5,1586 # 200001f8 <_impure_ptr>
    1bce:	c62a                	sw	a0,12(sp)
    1bd0:	ce2a                	sw	a0,28(sp)
    1bd2:	4388                	lw	a0,0(a5)
    1bd4:	18f4                	addi	a3,sp,124
    1bd6:	862e                	mv	a2,a1
    1bd8:	002c                	addi	a1,sp,8
    1bda:	de02                	sw	zero,60(sp)
    1bdc:	c882                	sw	zero,80(sp)
    1bde:	c236                	sw	a3,4(sp)
    1be0:	28ed                	jal	1cda <__ssvfiscanf_r>
    1be2:	50e6                	lw	ra,120(sp)
    1be4:	08c10113          	addi	sp,sp,140
    1be8:	8082                	ret

00001bea <__seofread>:
    1bea:	4501                	li	a0,0
    1bec:	8082                	ret

00001bee <strlen>:
    1bee:	87aa                	mv	a5,a0
    1bf0:	0785                	addi	a5,a5,1
    1bf2:	fff7c703          	lbu	a4,-1(a5)
    1bf6:	ff6d                	bnez	a4,1bf0 <strlen+0x2>
    1bf8:	40a78533          	sub	a0,a5,a0
    1bfc:	157d                	addi	a0,a0,-1
    1bfe:	8082                	ret

00001c00 <_sungetc_r>:
    1c00:	1141                	addi	sp,sp,-16
    1c02:	c606                	sw	ra,12(sp)
    1c04:	c422                	sw	s0,8(sp)
    1c06:	c226                	sw	s1,4(sp)
    1c08:	57fd                	li	a5,-1
    1c0a:	00f59963          	bne	a1,a5,1c1c <_sungetc_r+0x1c>
    1c0e:	54fd                	li	s1,-1
    1c10:	40b2                	lw	ra,12(sp)
    1c12:	4422                	lw	s0,8(sp)
    1c14:	8526                	mv	a0,s1
    1c16:	4492                	lw	s1,4(sp)
    1c18:	0141                	addi	sp,sp,16
    1c1a:	8082                	ret
    1c1c:	265e                	lhu	a5,12(a2)
    1c1e:	0ff5f693          	andi	a3,a1,255
    1c22:	0ff5f493          	andi	s1,a1,255
    1c26:	fdf7f793          	andi	a5,a5,-33
    1c2a:	a65e                	sh	a5,12(a2)
    1c2c:	5a5c                	lw	a5,52(a2)
    1c2e:	4258                	lw	a4,4(a2)
    1c30:	c795                	beqz	a5,1c5c <_sungetc_r+0x5c>
    1c32:	5e1c                	lw	a5,56(a2)
    1c34:	8432                	mv	s0,a2
    1c36:	00f75c63          	bge	a4,a5,1c4e <_sungetc_r+0x4e>
    1c3a:	401c                	lw	a5,0(s0)
    1c3c:	fff78713          	addi	a4,a5,-1
    1c40:	c018                	sw	a4,0(s0)
    1c42:	fed78fa3          	sb	a3,-1(a5)
    1c46:	405c                	lw	a5,4(s0)
    1c48:	0785                	addi	a5,a5,1
    1c4a:	c05c                	sw	a5,4(s0)
    1c4c:	b7d1                	j	1c10 <_sungetc_r+0x10>
    1c4e:	85b2                	mv	a1,a2
    1c50:	c036                	sw	a3,0(sp)
    1c52:	295000ef          	jal	ra,26e6 <__submore>
    1c56:	4682                	lw	a3,0(sp)
    1c58:	d16d                	beqz	a0,1c3a <_sungetc_r+0x3a>
    1c5a:	bf55                	j	1c0e <_sungetc_r+0xe>
    1c5c:	4a0c                	lw	a1,16(a2)
    1c5e:	421c                	lw	a5,0(a2)
    1c60:	cd81                	beqz	a1,1c78 <_sungetc_r+0x78>
    1c62:	00f5fb63          	bgeu	a1,a5,1c78 <_sungetc_r+0x78>
    1c66:	fff7c583          	lbu	a1,-1(a5)
    1c6a:	00959763          	bne	a1,s1,1c78 <_sungetc_r+0x78>
    1c6e:	17fd                	addi	a5,a5,-1
    1c70:	0705                	addi	a4,a4,1
    1c72:	c21c                	sw	a5,0(a2)
    1c74:	c258                	sw	a4,4(a2)
    1c76:	bf69                	j	1c10 <_sungetc_r+0x10>
    1c78:	de5c                	sw	a5,60(a2)
    1c7a:	04460793          	addi	a5,a2,68
    1c7e:	da5c                	sw	a5,52(a2)
    1c80:	478d                	li	a5,3
    1c82:	de1c                	sw	a5,56(a2)
    1c84:	04660793          	addi	a5,a2,70
    1c88:	c21c                	sw	a5,0(a2)
    1c8a:	4785                	li	a5,1
    1c8c:	c238                	sw	a4,64(a2)
    1c8e:	04d60323          	sb	a3,70(a2)
    1c92:	c25c                	sw	a5,4(a2)
    1c94:	bfb5                	j	1c10 <_sungetc_r+0x10>

00001c96 <__ssrefill_r>:
    1c96:	1151                	addi	sp,sp,-12
    1c98:	c222                	sw	s0,4(sp)
    1c9a:	842e                	mv	s0,a1
    1c9c:	59cc                	lw	a1,52(a1)
    1c9e:	c406                	sw	ra,8(sp)
    1ca0:	c19d                	beqz	a1,1cc6 <__ssrefill_r+0x30>
    1ca2:	04440793          	addi	a5,s0,68
    1ca6:	00f58463          	beq	a1,a5,1cae <__ssrefill_r+0x18>
    1caa:	3f3000ef          	jal	ra,289c <_free_r>
    1cae:	403c                	lw	a5,64(s0)
    1cb0:	02042a23          	sw	zero,52(s0)
    1cb4:	c05c                	sw	a5,4(s0)
    1cb6:	cb81                	beqz	a5,1cc6 <__ssrefill_r+0x30>
    1cb8:	5c5c                	lw	a5,60(s0)
    1cba:	4501                	li	a0,0
    1cbc:	c01c                	sw	a5,0(s0)
    1cbe:	40a2                	lw	ra,8(sp)
    1cc0:	4412                	lw	s0,4(sp)
    1cc2:	0131                	addi	sp,sp,12
    1cc4:	8082                	ret
    1cc6:	481c                	lw	a5,16(s0)
    1cc8:	00042223          	sw	zero,4(s0)
    1ccc:	557d                	li	a0,-1
    1cce:	c01c                	sw	a5,0(s0)
    1cd0:	245e                	lhu	a5,12(s0)
    1cd2:	0207e793          	ori	a5,a5,32
    1cd6:	a45e                	sh	a5,12(s0)
    1cd8:	b7dd                	j	1cbe <__ssrefill_r+0x28>

00001cda <__ssvfiscanf_r>:
    1cda:	d6010113          	addi	sp,sp,-672
    1cde:	081c                	addi	a5,sp,16
    1ce0:	12f12223          	sw	a5,292(sp)
    1ce4:	00000797          	auipc	a5,0x0
    1ce8:	f1c78793          	addi	a5,a5,-228 # 1c00 <_sungetc_r>
    1cec:	28f12623          	sw	a5,652(sp)
    1cf0:	00000797          	auipc	a5,0x0
    1cf4:	fa678793          	addi	a5,a5,-90 # 1c96 <__ssrefill_r>
    1cf8:	28812c23          	sw	s0,664(sp)
    1cfc:	28112e23          	sw	ra,668(sp)
    1d00:	28912a23          	sw	s1,660(sp)
    1d04:	c02a                	sw	a0,0(sp)
    1d06:	842e                	mv	s0,a1
    1d08:	10012e23          	sw	zero,284(sp)
    1d0c:	12012023          	sw	zero,288(sp)
    1d10:	28f12823          	sw	a5,656(sp)
    1d14:	c636                	sw	a3,12(sp)
    1d16:	221c                	lbu	a5,0(a2)
    1d18:	c232                	sw	a2,4(sp)
    1d1a:	30078f63          	beqz	a5,2038 <__ssvfiscanf_r+0x35e>
    1d1e:	247000ef          	jal	ra,2764 <__locale_ctype_ptr>
    1d22:	4612                	lw	a2,4(sp)
    1d24:	2214                	lbu	a3,0(a2)
    1d26:	00160493          	addi	s1,a2,1
    1d2a:	9536                	add	a0,a0,a3
    1d2c:	311c                	lbu	a5,1(a0)
    1d2e:	8ba1                	andi	a5,a5,8
    1d30:	c3a1                	beqz	a5,1d70 <__ssvfiscanf_r+0x96>
    1d32:	405c                	lw	a5,4(s0)
    1d34:	02f05763          	blez	a5,1d62 <__ssvfiscanf_r+0x88>
    1d38:	22d000ef          	jal	ra,2764 <__locale_ctype_ptr>
    1d3c:	401c                	lw	a5,0(s0)
    1d3e:	2394                	lbu	a3,0(a5)
    1d40:	9536                	add	a0,a0,a3
    1d42:	3114                	lbu	a3,1(a0)
    1d44:	8aa1                	andi	a3,a3,8
    1d46:	e299                	bnez	a3,1d4c <__ssvfiscanf_r+0x72>
    1d48:	8626                	mv	a2,s1
    1d4a:	b7f1                	j	1d16 <__ssvfiscanf_r+0x3c>
    1d4c:	12012683          	lw	a3,288(sp)
    1d50:	0785                	addi	a5,a5,1
    1d52:	c01c                	sw	a5,0(s0)
    1d54:	0685                	addi	a3,a3,1
    1d56:	12d12023          	sw	a3,288(sp)
    1d5a:	4054                	lw	a3,4(s0)
    1d5c:	16fd                	addi	a3,a3,-1
    1d5e:	c054                	sw	a3,4(s0)
    1d60:	bfc9                	j	1d32 <__ssvfiscanf_r+0x58>
    1d62:	4502                	lw	a0,0(sp)
    1d64:	29012783          	lw	a5,656(sp)
    1d68:	85a2                	mv	a1,s0
    1d6a:	9782                	jalr	a5
    1d6c:	d571                	beqz	a0,1d38 <__ssvfiscanf_r+0x5e>
    1d6e:	bfe9                	j	1d48 <__ssvfiscanf_r+0x6e>
    1d70:	02500793          	li	a5,37
    1d74:	18f69863          	bne	a3,a5,1f04 <__ssvfiscanf_r+0x22a>
    1d78:	10012c23          	sw	zero,280(sp)
    1d7c:	10012823          	sw	zero,272(sp)
    1d80:	320c                	lbu	a1,1(a2)
    1d82:	02a00793          	li	a5,42
    1d86:	00f59763          	bne	a1,a5,1d94 <__ssvfiscanf_r+0xba>
    1d8a:	47c1                	li	a5,16
    1d8c:	10f12823          	sw	a5,272(sp)
    1d90:	00260493          	addi	s1,a2,2
    1d94:	87a6                	mv	a5,s1
    1d96:	4625                	li	a2,9
    1d98:	238c                	lbu	a1,0(a5)
    1d9a:	00178493          	addi	s1,a5,1
    1d9e:	fd058513          	addi	a0,a1,-48
    1da2:	06a67c63          	bgeu	a2,a0,1e1a <__ssvfiscanf_r+0x140>
    1da6:	460d                	li	a2,3
    1da8:	00001517          	auipc	a0,0x1
    1dac:	d4c50513          	addi	a0,a0,-692 # 2af4 <_malloc_usable_size_r+0x3e>
    1db0:	c43e                	sw	a5,8(sp)
    1db2:	c236                	sw	a3,4(sp)
    1db4:	1ff000ef          	jal	ra,27b2 <memchr>
    1db8:	4692                	lw	a3,4(sp)
    1dba:	47a2                	lw	a5,8(sp)
    1dbc:	cd19                	beqz	a0,1dda <__ssvfiscanf_r+0x100>
    1dbe:	00001797          	auipc	a5,0x1
    1dc2:	d3678793          	addi	a5,a5,-714 # 2af4 <_malloc_usable_size_r+0x3e>
    1dc6:	8d1d                	sub	a0,a0,a5
    1dc8:	4785                	li	a5,1
    1dca:	00a797b3          	sll	a5,a5,a0
    1dce:	11012503          	lw	a0,272(sp)
    1dd2:	8d5d                	or	a0,a0,a5
    1dd4:	10a12823          	sw	a0,272(sp)
    1dd8:	87a6                	mv	a5,s1
    1dda:	00178493          	addi	s1,a5,1
    1dde:	239c                	lbu	a5,0(a5)
    1de0:	06700613          	li	a2,103
    1de4:	0cf66e63          	bltu	a2,a5,1ec0 <__ssvfiscanf_r+0x1e6>
    1de8:	06500613          	li	a2,101
    1dec:	1cc7f263          	bgeu	a5,a2,1fb0 <__ssvfiscanf_r+0x2d6>
    1df0:	04700613          	li	a2,71
    1df4:	04f66063          	bltu	a2,a5,1e34 <__ssvfiscanf_r+0x15a>
    1df8:	04500613          	li	a2,69
    1dfc:	1ac7fa63          	bgeu	a5,a2,1fb0 <__ssvfiscanf_r+0x2d6>
    1e00:	12078f63          	beqz	a5,1f3e <__ssvfiscanf_r+0x264>
    1e04:	02500613          	li	a2,37
    1e08:	0ec78e63          	beq	a5,a2,1f04 <__ssvfiscanf_r+0x22a>
    1e0c:	478d                	li	a5,3
    1e0e:	12f12423          	sw	a5,296(sp)
    1e12:	47a9                	li	a5,10
    1e14:	10f12a23          	sw	a5,276(sp)
    1e18:	a881                	j	1e68 <__ssvfiscanf_r+0x18e>
    1e1a:	11812503          	lw	a0,280(sp)
    1e1e:	00251793          	slli	a5,a0,0x2
    1e22:	97aa                	add	a5,a5,a0
    1e24:	0786                	slli	a5,a5,0x1
    1e26:	fd078793          	addi	a5,a5,-48
    1e2a:	97ae                	add	a5,a5,a1
    1e2c:	10f12c23          	sw	a5,280(sp)
    1e30:	87a6                	mv	a5,s1
    1e32:	b79d                	j	1d98 <__ssvfiscanf_r+0xbe>
    1e34:	05b00693          	li	a3,91
    1e38:	12d78163          	beq	a5,a3,1f5a <__ssvfiscanf_r+0x280>
    1e3c:	06f6e863          	bltu	a3,a5,1eac <__ssvfiscanf_r+0x1d2>
    1e40:	05800693          	li	a3,88
    1e44:	fcd794e3          	bne	a5,a3,1e0c <__ssvfiscanf_r+0x132>
    1e48:	11012683          	lw	a3,272(sp)
    1e4c:	2006e693          	ori	a3,a3,512
    1e50:	10d12823          	sw	a3,272(sp)
    1e54:	46c1                	li	a3,16
    1e56:	10d12a23          	sw	a3,276(sp)
    1e5a:	06e00693          	li	a3,110
    1e5e:	00f6b7b3          	sltu	a5,a3,a5
    1e62:	078d                	addi	a5,a5,3
    1e64:	12f12423          	sw	a5,296(sp)
    1e68:	405c                	lw	a5,4(s0)
    1e6a:	14f05563          	blez	a5,1fb4 <__ssvfiscanf_r+0x2da>
    1e6e:	11012783          	lw	a5,272(sp)
    1e72:	0407f793          	andi	a5,a5,64
    1e76:	eb91                	bnez	a5,1e8a <__ssvfiscanf_r+0x1b0>
    1e78:	0ed000ef          	jal	ra,2764 <__locale_ctype_ptr>
    1e7c:	401c                	lw	a5,0(s0)
    1e7e:	2394                	lbu	a3,0(a5)
    1e80:	9536                	add	a0,a0,a3
    1e82:	3114                	lbu	a3,1(a0)
    1e84:	8aa1                	andi	a3,a3,8
    1e86:	12069f63          	bnez	a3,1fc4 <__ssvfiscanf_r+0x2ea>
    1e8a:	12812783          	lw	a5,296(sp)
    1e8e:	4689                	li	a3,2
    1e90:	14f6cf63          	blt	a3,a5,1fee <__ssvfiscanf_r+0x314>
    1e94:	4502                	lw	a0,0(sp)
    1e96:	0074                	addi	a3,sp,12
    1e98:	8622                	mv	a2,s0
    1e9a:	0a0c                	addi	a1,sp,272
    1e9c:	224d                	jal	203e <_scanf_chars>
    1e9e:	4785                	li	a5,1
    1ea0:	18f50c63          	beq	a0,a5,2038 <__ssvfiscanf_r+0x35e>
    1ea4:	4789                	li	a5,2
    1ea6:	eaf511e3          	bne	a0,a5,1d48 <__ssvfiscanf_r+0x6e>
    1eaa:	a079                	j	1f38 <__ssvfiscanf_r+0x25e>
    1eac:	06300693          	li	a3,99
    1eb0:	0cd78163          	beq	a5,a3,1f72 <__ssvfiscanf_r+0x298>
    1eb4:	06400693          	li	a3,100
    1eb8:	f4d79ae3          	bne	a5,a3,1e0c <__ssvfiscanf_r+0x132>
    1ebc:	46a9                	li	a3,10
    1ebe:	bf61                	j	1e56 <__ssvfiscanf_r+0x17c>
    1ec0:	07000693          	li	a3,112
    1ec4:	06d78f63          	beq	a5,a3,1f42 <__ssvfiscanf_r+0x268>
    1ec8:	02f6e063          	bltu	a3,a5,1ee8 <__ssvfiscanf_r+0x20e>
    1ecc:	06e00693          	li	a3,110
    1ed0:	0ad78a63          	beq	a5,a3,1f84 <__ssvfiscanf_r+0x2aa>
    1ed4:	06f6ee63          	bltu	a3,a5,1f50 <__ssvfiscanf_r+0x276>
    1ed8:	06900693          	li	a3,105
    1edc:	f2d798e3          	bne	a5,a3,1e0c <__ssvfiscanf_r+0x132>
    1ee0:	10012a23          	sw	zero,276(sp)
    1ee4:	478d                	li	a5,3
    1ee6:	bfbd                	j	1e64 <__ssvfiscanf_r+0x18a>
    1ee8:	07500693          	li	a3,117
    1eec:	fcd788e3          	beq	a5,a3,1ebc <__ssvfiscanf_r+0x1e2>
    1ef0:	07800693          	li	a3,120
    1ef4:	f4d78ae3          	beq	a5,a3,1e48 <__ssvfiscanf_r+0x16e>
    1ef8:	07300693          	li	a3,115
    1efc:	f0d798e3          	bne	a5,a3,1e0c <__ssvfiscanf_r+0x132>
    1f00:	4789                	li	a5,2
    1f02:	b78d                	j	1e64 <__ssvfiscanf_r+0x18a>
    1f04:	405c                	lw	a5,4(s0)
    1f06:	02f05163          	blez	a5,1f28 <__ssvfiscanf_r+0x24e>
    1f0a:	401c                	lw	a5,0(s0)
    1f0c:	2390                	lbu	a2,0(a5)
    1f0e:	12d61563          	bne	a2,a3,2038 <__ssvfiscanf_r+0x35e>
    1f12:	0785                	addi	a5,a5,1
    1f14:	4054                	lw	a3,4(s0)
    1f16:	c01c                	sw	a5,0(s0)
    1f18:	12012783          	lw	a5,288(sp)
    1f1c:	16fd                	addi	a3,a3,-1
    1f1e:	c054                	sw	a3,4(s0)
    1f20:	0785                	addi	a5,a5,1
    1f22:	12f12023          	sw	a5,288(sp)
    1f26:	b50d                	j	1d48 <__ssvfiscanf_r+0x6e>
    1f28:	4502                	lw	a0,0(sp)
    1f2a:	29012783          	lw	a5,656(sp)
    1f2e:	85a2                	mv	a1,s0
    1f30:	c236                	sw	a3,4(sp)
    1f32:	9782                	jalr	a5
    1f34:	4692                	lw	a3,4(sp)
    1f36:	d971                	beqz	a0,1f0a <__ssvfiscanf_r+0x230>
    1f38:	11c12503          	lw	a0,284(sp)
    1f3c:	e16d                	bnez	a0,201e <__ssvfiscanf_r+0x344>
    1f3e:	557d                	li	a0,-1
    1f40:	a0dd                	j	2026 <__ssvfiscanf_r+0x34c>
    1f42:	11012683          	lw	a3,272(sp)
    1f46:	0206e693          	ori	a3,a3,32
    1f4a:	10d12823          	sw	a3,272(sp)
    1f4e:	bded                	j	1e48 <__ssvfiscanf_r+0x16e>
    1f50:	47a1                	li	a5,8
    1f52:	10f12a23          	sw	a5,276(sp)
    1f56:	4791                	li	a5,4
    1f58:	b731                	j	1e64 <__ssvfiscanf_r+0x18a>
    1f5a:	85a6                	mv	a1,s1
    1f5c:	0808                	addi	a0,sp,16
    1f5e:	2921                	jal	2376 <__sccl>
    1f60:	11012783          	lw	a5,272(sp)
    1f64:	84aa                	mv	s1,a0
    1f66:	0407e793          	ori	a5,a5,64
    1f6a:	10f12823          	sw	a5,272(sp)
    1f6e:	4785                	li	a5,1
    1f70:	bdd5                	j	1e64 <__ssvfiscanf_r+0x18a>
    1f72:	11012783          	lw	a5,272(sp)
    1f76:	12012423          	sw	zero,296(sp)
    1f7a:	0407e793          	ori	a5,a5,64
    1f7e:	10f12823          	sw	a5,272(sp)
    1f82:	b5dd                	j	1e68 <__ssvfiscanf_r+0x18e>
    1f84:	11012783          	lw	a5,272(sp)
    1f88:	0107f693          	andi	a3,a5,16
    1f8c:	da069ee3          	bnez	a3,1d48 <__ssvfiscanf_r+0x6e>
    1f90:	46b2                	lw	a3,12(sp)
    1f92:	0017f513          	andi	a0,a5,1
    1f96:	12012603          	lw	a2,288(sp)
    1f9a:	00468593          	addi	a1,a3,4
    1f9e:	c509                	beqz	a0,1fa8 <__ssvfiscanf_r+0x2ce>
    1fa0:	c62e                	sw	a1,12(sp)
    1fa2:	429c                	lw	a5,0(a3)
    1fa4:	a392                	sh	a2,0(a5)
    1fa6:	b34d                	j	1d48 <__ssvfiscanf_r+0x6e>
    1fa8:	c62e                	sw	a1,12(sp)
    1faa:	429c                	lw	a5,0(a3)
    1fac:	c390                	sw	a2,0(a5)
    1fae:	bb69                	j	1d48 <__ssvfiscanf_r+0x6e>
    1fb0:	4795                	li	a5,5
    1fb2:	bd4d                	j	1e64 <__ssvfiscanf_r+0x18a>
    1fb4:	4502                	lw	a0,0(sp)
    1fb6:	29012783          	lw	a5,656(sp)
    1fba:	85a2                	mv	a1,s0
    1fbc:	9782                	jalr	a5
    1fbe:	ea0508e3          	beqz	a0,1e6e <__ssvfiscanf_r+0x194>
    1fc2:	bf9d                	j	1f38 <__ssvfiscanf_r+0x25e>
    1fc4:	12012683          	lw	a3,288(sp)
    1fc8:	0685                	addi	a3,a3,1
    1fca:	12d12023          	sw	a3,288(sp)
    1fce:	4054                	lw	a3,4(s0)
    1fd0:	16fd                	addi	a3,a3,-1
    1fd2:	c054                	sw	a3,4(s0)
    1fd4:	00d05563          	blez	a3,1fde <__ssvfiscanf_r+0x304>
    1fd8:	0785                	addi	a5,a5,1
    1fda:	c01c                	sw	a5,0(s0)
    1fdc:	bd71                	j	1e78 <__ssvfiscanf_r+0x19e>
    1fde:	4502                	lw	a0,0(sp)
    1fe0:	29012783          	lw	a5,656(sp)
    1fe4:	85a2                	mv	a1,s0
    1fe6:	9782                	jalr	a5
    1fe8:	e80508e3          	beqz	a0,1e78 <__ssvfiscanf_r+0x19e>
    1fec:	b7b1                	j	1f38 <__ssvfiscanf_r+0x25e>
    1fee:	4691                	li	a3,4
    1ff0:	00f6c863          	blt	a3,a5,2000 <__ssvfiscanf_r+0x326>
    1ff4:	4502                	lw	a0,0(sp)
    1ff6:	0074                	addi	a3,sp,12
    1ff8:	8622                	mv	a2,s0
    1ffa:	0a0c                	addi	a1,sp,272
    1ffc:	2a19                	jal	2112 <_scanf_i>
    1ffe:	b545                	j	1e9e <__ssvfiscanf_r+0x1c4>
    2000:	ffffe797          	auipc	a5,0xffffe
    2004:	00078793          	mv	a5,a5
    2008:	d40780e3          	beqz	a5,1d48 <__ssvfiscanf_r+0x6e>
    200c:	4502                	lw	a0,0(sp)
    200e:	0074                	addi	a3,sp,12
    2010:	8622                	mv	a2,s0
    2012:	0a0c                	addi	a1,sp,272
    2014:	00000097          	auipc	ra,0x0
    2018:	000000e7          	jalr	zero # 0 <_sinit>
    201c:	b549                	j	1e9e <__ssvfiscanf_r+0x1c4>
    201e:	245e                	lhu	a5,12(s0)
    2020:	0407f793          	andi	a5,a5,64
    2024:	ff89                	bnez	a5,1f3e <__ssvfiscanf_r+0x264>
    2026:	29c12083          	lw	ra,668(sp)
    202a:	29812403          	lw	s0,664(sp)
    202e:	29412483          	lw	s1,660(sp)
    2032:	2a010113          	addi	sp,sp,672
    2036:	8082                	ret
    2038:	11c12503          	lw	a0,284(sp)
    203c:	b7ed                	j	2026 <__ssvfiscanf_r+0x34c>

0000203e <_scanf_chars>:
    203e:	459c                	lw	a5,8(a1)
    2040:	1121                	addi	sp,sp,-24
    2042:	c822                	sw	s0,16(sp)
    2044:	ca06                	sw	ra,20(sp)
    2046:	c626                	sw	s1,12(sp)
    2048:	c02a                	sw	a0,0(sp)
    204a:	842e                	mv	s0,a1
    204c:	e791                	bnez	a5,2058 <_scanf_chars+0x1a>
    204e:	4d8c                	lw	a1,24(a1)
    2050:	4785                	li	a5,1
    2052:	c191                	beqz	a1,2056 <_scanf_chars+0x18>
    2054:	57fd                	li	a5,-1
    2056:	c41c                	sw	a5,8(s0)
    2058:	401c                	lw	a5,0(s0)
    205a:	8bc1                	andi	a5,a5,16
    205c:	e791                	bnez	a5,2068 <_scanf_chars+0x2a>
    205e:	429c                	lw	a5,0(a3)
    2060:	00478713          	addi	a4,a5,4 # 4 <_sinit+0x4>
    2064:	c298                	sw	a4,0(a3)
    2066:	4398                	lw	a4,0(a5)
    2068:	4481                	li	s1,0
    206a:	4c08                	lw	a0,24(s0)
    206c:	c105                	beqz	a0,208c <_scanf_chars+0x4e>
    206e:	4685                	li	a3,1
    2070:	06d51d63          	bne	a0,a3,20ea <_scanf_chars+0xac>
    2074:	4214                	lw	a3,0(a2)
    2076:	228c                	lbu	a1,0(a3)
    2078:	4854                	lw	a3,20(s0)
    207a:	96ae                	add	a3,a3,a1
    207c:	2294                	lbu	a3,0(a3)
    207e:	e699                	bnez	a3,208c <_scanf_chars+0x4e>
    2080:	e4a9                	bnez	s1,20ca <_scanf_chars+0x8c>
    2082:	40d2                	lw	ra,20(sp)
    2084:	4442                	lw	s0,16(sp)
    2086:	44b2                	lw	s1,12(sp)
    2088:	0161                	addi	sp,sp,24
    208a:	8082                	ret
    208c:	4014                	lw	a3,0(s0)
    208e:	0485                	addi	s1,s1,1
    2090:	8ac1                	andi	a3,a3,16
    2092:	e691                	bnez	a3,209e <_scanf_chars+0x60>
    2094:	4214                	lw	a3,0(a2)
    2096:	0705                	addi	a4,a4,1
    2098:	2294                	lbu	a3,0(a3)
    209a:	fed70fa3          	sb	a3,-1(a4)
    209e:	420c                	lw	a1,0(a2)
    20a0:	4254                	lw	a3,4(a2)
    20a2:	0585                	addi	a1,a1,1
    20a4:	c20c                	sw	a1,0(a2)
    20a6:	440c                	lw	a1,8(s0)
    20a8:	16fd                	addi	a3,a3,-1
    20aa:	c254                	sw	a3,4(a2)
    20ac:	15fd                	addi	a1,a1,-1
    20ae:	c40c                	sw	a1,8(s0)
    20b0:	cd89                	beqz	a1,20ca <_scanf_chars+0x8c>
    20b2:	fad04ce3          	bgtz	a3,206a <_scanf_chars+0x2c>
    20b6:	18042683          	lw	a3,384(s0)
    20ba:	4502                	lw	a0,0(sp)
    20bc:	85b2                	mv	a1,a2
    20be:	c43a                	sw	a4,8(sp)
    20c0:	c232                	sw	a2,4(sp)
    20c2:	9682                	jalr	a3
    20c4:	4612                	lw	a2,4(sp)
    20c6:	4722                	lw	a4,8(sp)
    20c8:	d14d                	beqz	a0,206a <_scanf_chars+0x2c>
    20ca:	4014                	lw	a3,0(s0)
    20cc:	8ac1                	andi	a3,a3,16
    20ce:	ea81                	bnez	a3,20de <_scanf_chars+0xa0>
    20d0:	4454                	lw	a3,12(s0)
    20d2:	0685                	addi	a3,a3,1
    20d4:	c454                	sw	a3,12(s0)
    20d6:	4c14                	lw	a3,24(s0)
    20d8:	c299                	beqz	a3,20de <_scanf_chars+0xa0>
    20da:	00070023          	sb	zero,0(a4)
    20de:	4818                	lw	a4,16(s0)
    20e0:	4501                	li	a0,0
    20e2:	009707b3          	add	a5,a4,s1
    20e6:	c81c                	sw	a5,16(s0)
    20e8:	bf69                	j	2082 <_scanf_chars+0x44>
    20ea:	c432                	sw	a2,8(sp)
    20ec:	4689                	li	a3,2
    20ee:	00d51c63          	bne	a0,a3,2106 <_scanf_chars+0xc8>
    20f2:	c23a                	sw	a4,4(sp)
    20f4:	2d85                	jal	2764 <__locale_ctype_ptr>
    20f6:	4622                	lw	a2,8(sp)
    20f8:	4712                	lw	a4,4(sp)
    20fa:	4214                	lw	a3,0(a2)
    20fc:	2294                	lbu	a3,0(a3)
    20fe:	9536                	add	a0,a0,a3
    2100:	3114                	lbu	a3,1(a0)
    2102:	8aa1                	andi	a3,a3,8
    2104:	d6c1                	beqz	a3,208c <_scanf_chars+0x4e>
    2106:	f0f1                	bnez	s1,20ca <_scanf_chars+0x8c>
    2108:	4c08                	lw	a0,24(s0)
    210a:	4685                	li	a3,1
    210c:	fad51fe3          	bne	a0,a3,20ca <_scanf_chars+0x8c>
    2110:	bf8d                	j	2082 <_scanf_chars+0x44>

00002112 <_scanf_i>:
    2112:	fc810113          	addi	sp,sp,-56
    2116:	00001717          	auipc	a4,0x1
    211a:	9f670713          	addi	a4,a4,-1546 # 2b0c <_malloc_usable_size_r+0x56>
    211e:	c036                	sw	a3,0(sp)
    2120:	d03a                	sw	a4,32(sp)
    2122:	4d94                	lw	a3,24(a1)
    2124:	00001717          	auipc	a4,0x1
    2128:	9ec70713          	addi	a4,a4,-1556 # 2b10 <_malloc_usable_size_r+0x5a>
    212c:	d23a                	sw	a4,36(sp)
    212e:	00000797          	auipc	a5,0x0
    2132:	43078793          	addi	a5,a5,1072 # 255e <_strtol_r>
    2136:	00001717          	auipc	a4,0x1
    213a:	9de70713          	addi	a4,a4,-1570 # 2b14 <_malloc_usable_size_r+0x5e>
    213e:	d822                	sw	s0,48(sp)
    2140:	d43a                	sw	a4,40(sp)
    2142:	da06                	sw	ra,52(sp)
    2144:	d626                	sw	s1,44(sp)
    2146:	c62a                	sw	a0,12(sp)
    2148:	470d                	li	a4,3
    214a:	c83e                	sw	a5,16(sp)
    214c:	842e                	mv	s0,a1
    214e:	8332                	mv	t1,a2
    2150:	00e68763          	beq	a3,a4,215e <_scanf_i+0x4c>
    2154:	00000797          	auipc	a5,0x0
    2158:	57a78793          	addi	a5,a5,1402 # 26ce <_strtoul_r>
    215c:	c83e                	sw	a5,16(sp)
    215e:	4418                	lw	a4,8(s0)
    2160:	15c00693          	li	a3,348
    2164:	c202                	sw	zero,4(sp)
    2166:	fff70613          	addi	a2,a4,-1
    216a:	00c6f863          	bgeu	a3,a2,217a <_scanf_i+0x68>
    216e:	ea370793          	addi	a5,a4,-349
    2172:	15d00713          	li	a4,349
    2176:	c23e                	sw	a5,4(sp)
    2178:	c418                	sw	a4,8(s0)
    217a:	4018                	lw	a4,0(s0)
    217c:	6685                	lui	a3,0x1
    217e:	d0068693          	addi	a3,a3,-768 # d00 <FLASH_Unlock>
    2182:	01c40793          	addi	a5,s0,28
    2186:	8f55                	or	a4,a4,a3
    2188:	c43e                	sw	a5,8(sp)
    218a:	c018                	sw	a4,0(s0)
    218c:	84be                	mv	s1,a5
    218e:	4681                	li	a3,0
    2190:	00032583          	lw	a1,0(t1)
    2194:	00269713          	slli	a4,a3,0x2
    2198:	101c                	addi	a5,sp,32
    219a:	973e                	add	a4,a4,a5
    219c:	218c                	lbu	a1,0(a1)
    219e:	4308                	lw	a0,0(a4)
    21a0:	4609                	li	a2,2
    21a2:	cc1a                	sw	t1,24(sp)
    21a4:	ca36                	sw	a3,20(sp)
    21a6:	2531                	jal	27b2 <memchr>
    21a8:	46d2                	lw	a3,20(sp)
    21aa:	4362                	lw	t1,24(sp)
    21ac:	c525                	beqz	a0,2214 <_scanf_i+0x102>
    21ae:	4705                	li	a4,1
    21b0:	0ee69063          	bne	a3,a4,2290 <_scanf_i+0x17e>
    21b4:	4058                	lw	a4,4(s0)
    21b6:	e719                	bnez	a4,21c4 <_scanf_i+0xb2>
    21b8:	4018                	lw	a4,0(s0)
    21ba:	4621                	li	a2,8
    21bc:	c050                	sw	a2,4(s0)
    21be:	20076713          	ori	a4,a4,512
    21c2:	c018                	sw	a4,0(s0)
    21c4:	4018                	lw	a4,0(s0)
    21c6:	aff77713          	andi	a4,a4,-1281
    21ca:	c018                	sw	a4,0(s0)
    21cc:	4418                	lw	a4,8(s0)
    21ce:	fff70613          	addi	a2,a4,-1
    21d2:	c410                	sw	a2,8(s0)
    21d4:	c321                	beqz	a4,2214 <_scanf_i+0x102>
    21d6:	00032603          	lw	a2,0(t1)
    21da:	00160713          	addi	a4,a2,1
    21de:	00e32023          	sw	a4,0(t1)
    21e2:	2210                	lbu	a2,0(a2)
    21e4:	00148713          	addi	a4,s1,1
    21e8:	ce3a                	sw	a4,28(sp)
    21ea:	a090                	sb	a2,0(s1)
    21ec:	00432603          	lw	a2,4(t1)
    21f0:	84ba                	mv	s1,a4
    21f2:	167d                	addi	a2,a2,-1
    21f4:	00c32223          	sw	a2,4(t1)
    21f8:	00c04e63          	bgtz	a2,2214 <_scanf_i+0x102>
    21fc:	18042603          	lw	a2,384(s0)
    2200:	4532                	lw	a0,12(sp)
    2202:	859a                	mv	a1,t1
    2204:	cc36                	sw	a3,24(sp)
    2206:	ca1a                	sw	t1,20(sp)
    2208:	9602                	jalr	a2
    220a:	4352                	lw	t1,20(sp)
    220c:	46e2                	lw	a3,24(sp)
    220e:	4772                	lw	a4,28(sp)
    2210:	12051463          	bnez	a0,2338 <_scanf_i+0x226>
    2214:	0685                	addi	a3,a3,1
    2216:	470d                	li	a4,3
    2218:	f6e69ce3          	bne	a3,a4,2190 <_scanf_i+0x7e>
    221c:	4058                	lw	a4,4(s0)
    221e:	e319                	bnez	a4,2224 <_scanf_i+0x112>
    2220:	4729                	li	a4,10
    2222:	c058                	sw	a4,4(s0)
    2224:	4058                	lw	a4,4(s0)
    2226:	4848                	lw	a0,20(s0)
    2228:	00001597          	auipc	a1,0x1
    222c:	8e058593          	addi	a1,a1,-1824 # 2b08 <_malloc_usable_size_r+0x52>
    2230:	8d99                	sub	a1,a1,a4
    2232:	ca1a                	sw	t1,20(sp)
    2234:	2289                	jal	2376 <__sccl>
    2236:	4352                	lw	t1,20(sp)
    2238:	8726                	mv	a4,s1
    223a:	4481                	li	s1,0
    223c:	4410                	lw	a2,8(s0)
    223e:	00042283          	lw	t0,0(s0)
    2242:	ca59                	beqz	a2,22d8 <_scanf_i+0x1c6>
    2244:	00032503          	lw	a0,0(t1)
    2248:	484c                	lw	a1,20(s0)
    224a:	2114                	lbu	a3,0(a0)
    224c:	95b6                	add	a1,a1,a3
    224e:	218c                	lbu	a1,0(a1)
    2250:	c5c1                	beqz	a1,22d8 <_scanf_i+0x1c6>
    2252:	03000593          	li	a1,48
    2256:	04b69c63          	bne	a3,a1,22ae <_scanf_i+0x19c>
    225a:	01429793          	slli	a5,t0,0x14
    225e:	0407d863          	bgez	a5,22ae <_scanf_i+0x19c>
    2262:	4792                	lw	a5,4(sp)
    2264:	0485                	addi	s1,s1,1
    2266:	c789                	beqz	a5,2270 <_scanf_i+0x15e>
    2268:	17fd                	addi	a5,a5,-1
    226a:	0605                	addi	a2,a2,1
    226c:	c23e                	sw	a5,4(sp)
    226e:	c410                	sw	a2,8(s0)
    2270:	00432683          	lw	a3,4(t1)
    2274:	16fd                	addi	a3,a3,-1
    2276:	00d32223          	sw	a3,4(t1)
    227a:	04d05563          	blez	a3,22c4 <_scanf_i+0x1b2>
    227e:	00032683          	lw	a3,0(t1)
    2282:	0685                	addi	a3,a3,1
    2284:	00d32023          	sw	a3,0(t1)
    2288:	4414                	lw	a3,8(s0)
    228a:	16fd                	addi	a3,a3,-1
    228c:	c414                	sw	a3,8(s0)
    228e:	b77d                	j	223c <_scanf_i+0x12a>
    2290:	4709                	li	a4,2
    2292:	f2e69de3          	bne	a3,a4,21cc <_scanf_i+0xba>
    2296:	4018                	lw	a4,0(s0)
    2298:	20000613          	li	a2,512
    229c:	60077593          	andi	a1,a4,1536
    22a0:	f6c59ae3          	bne	a1,a2,2214 <_scanf_i+0x102>
    22a4:	4641                	li	a2,16
    22a6:	c050                	sw	a2,4(s0)
    22a8:	10076713          	ori	a4,a4,256
    22ac:	bf39                	j	21ca <_scanf_i+0xb8>
    22ae:	76fd                	lui	a3,0xfffff
    22b0:	6ff68693          	addi	a3,a3,1791 # fffff6ff <__global_pointer$+0xdfffed07>
    22b4:	00d2f6b3          	and	a3,t0,a3
    22b8:	c014                	sw	a3,0(s0)
    22ba:	2114                	lbu	a3,0(a0)
    22bc:	0705                	addi	a4,a4,1
    22be:	fed70fa3          	sb	a3,-1(a4)
    22c2:	b77d                	j	2270 <_scanf_i+0x15e>
    22c4:	18042683          	lw	a3,384(s0)
    22c8:	4532                	lw	a0,12(sp)
    22ca:	859a                	mv	a1,t1
    22cc:	cc3a                	sw	a4,24(sp)
    22ce:	ca1a                	sw	t1,20(sp)
    22d0:	9682                	jalr	a3
    22d2:	4352                	lw	t1,20(sp)
    22d4:	4762                	lw	a4,24(sp)
    22d6:	d94d                	beqz	a0,2288 <_scanf_i+0x176>
    22d8:	4014                	lw	a3,0(s0)
    22da:	1006f693          	andi	a3,a3,256
    22de:	c685                	beqz	a3,2306 <_scanf_i+0x1f4>
    22e0:	47a2                	lw	a5,8(sp)
    22e2:	00e7fe63          	bgeu	a5,a4,22fe <_scanf_i+0x1ec>
    22e6:	fff74583          	lbu	a1,-1(a4)
    22ea:	17c42383          	lw	t2,380(s0)
    22ee:	4532                	lw	a0,12(sp)
    22f0:	fff70693          	addi	a3,a4,-1
    22f4:	861a                	mv	a2,t1
    22f6:	c236                	sw	a3,4(sp)
    22f8:	9382                	jalr	t2
    22fa:	4692                	lw	a3,4(sp)
    22fc:	8736                	mv	a4,a3
    22fe:	47a2                	lw	a5,8(sp)
    2300:	4505                	li	a0,1
    2302:	06f70163          	beq	a4,a5,2364 <_scanf_i+0x252>
    2306:	4014                	lw	a3,0(s0)
    2308:	8ac1                	andi	a3,a3,16
    230a:	e6b1                	bnez	a3,2356 <_scanf_i+0x244>
    230c:	00070023          	sb	zero,0(a4)
    2310:	4054                	lw	a3,4(s0)
    2312:	45a2                	lw	a1,8(sp)
    2314:	47c2                	lw	a5,16(sp)
    2316:	4532                	lw	a0,12(sp)
    2318:	4601                	li	a2,0
    231a:	c23a                	sw	a4,4(sp)
    231c:	9782                	jalr	a5
    231e:	4010                	lw	a2,0(s0)
    2320:	4782                	lw	a5,0(sp)
    2322:	4712                	lw	a4,4(sp)
    2324:	02067593          	andi	a1,a2,32
    2328:	4394                	lw	a3,0(a5)
    232a:	c989                	beqz	a1,233c <_scanf_i+0x22a>
    232c:	00468613          	addi	a2,a3,4
    2330:	c390                	sw	a2,0(a5)
    2332:	4294                	lw	a3,0(a3)
    2334:	c288                	sw	a0,0(a3)
    2336:	a829                	j	2350 <_scanf_i+0x23e>
    2338:	4481                	li	s1,0
    233a:	bf79                	j	22d8 <_scanf_i+0x1c6>
    233c:	00167313          	andi	t1,a2,1
    2340:	00468593          	addi	a1,a3,4
    2344:	02030663          	beqz	t1,2370 <_scanf_i+0x25e>
    2348:	4782                	lw	a5,0(sp)
    234a:	c38c                	sw	a1,0(a5)
    234c:	4294                	lw	a3,0(a3)
    234e:	a28a                	sh	a0,0(a3)
    2350:	4454                	lw	a3,12(s0)
    2352:	0685                	addi	a3,a3,1
    2354:	c454                	sw	a3,12(s0)
    2356:	47a2                	lw	a5,8(sp)
    2358:	4501                	li	a0,0
    235a:	8f1d                	sub	a4,a4,a5
    235c:	94ba                	add	s1,s1,a4
    235e:	4818                	lw	a4,16(s0)
    2360:	94ba                	add	s1,s1,a4
    2362:	c804                	sw	s1,16(s0)
    2364:	50d2                	lw	ra,52(sp)
    2366:	5442                	lw	s0,48(sp)
    2368:	54b2                	lw	s1,44(sp)
    236a:	03810113          	addi	sp,sp,56
    236e:	8082                	ret
    2370:	4782                	lw	a5,0(sp)
    2372:	c38c                	sw	a1,0(a5)
    2374:	bf7d                	j	2332 <_scanf_i+0x220>

00002376 <__sccl>:
    2376:	219c                	lbu	a5,0(a1)
    2378:	05e00713          	li	a4,94
    237c:	04e78663          	beq	a5,a4,23c8 <__sccl+0x52>
    2380:	00158713          	addi	a4,a1,1
    2384:	4681                	li	a3,0
    2386:	4601                	li	a2,0
    2388:	10000593          	li	a1,256
    238c:	00c50333          	add	t1,a0,a2
    2390:	00d30023          	sb	a3,0(t1)
    2394:	0605                	addi	a2,a2,1
    2396:	feb61be3          	bne	a2,a1,238c <__sccl+0x16>
    239a:	fff70613          	addi	a2,a4,-1
    239e:	c39d                	beqz	a5,23c4 <__sccl+0x4e>
    23a0:	0016c693          	xori	a3,a3,1
    23a4:	02d00293          	li	t0,45
    23a8:	05d00313          	li	t1,93
    23ac:	00f50633          	add	a2,a0,a5
    23b0:	a214                	sb	a3,0(a2)
    23b2:	230c                	lbu	a1,0(a4)
    23b4:	00170613          	addi	a2,a4,1
    23b8:	02558363          	beq	a1,t0,23de <__sccl+0x68>
    23bc:	00658463          	beq	a1,t1,23c4 <__sccl+0x4e>
    23c0:	e989                	bnez	a1,23d2 <__sccl+0x5c>
    23c2:	863a                	mv	a2,a4
    23c4:	8532                	mv	a0,a2
    23c6:	8082                	ret
    23c8:	00258713          	addi	a4,a1,2
    23cc:	319c                	lbu	a5,1(a1)
    23ce:	4685                	li	a3,1
    23d0:	bf5d                	j	2386 <__sccl+0x10>
    23d2:	87ae                	mv	a5,a1
    23d4:	8732                	mv	a4,a2
    23d6:	bfd9                	j	23ac <__sccl+0x36>
    23d8:	02d00793          	li	a5,45
    23dc:	bfe5                	j	23d4 <__sccl+0x5e>
    23de:	330c                	lbu	a1,1(a4)
    23e0:	fe658ce3          	beq	a1,t1,23d8 <__sccl+0x62>
    23e4:	fef5cae3          	blt	a1,a5,23d8 <__sccl+0x62>
    23e8:	0709                	addi	a4,a4,2
    23ea:	0785                	addi	a5,a5,1
    23ec:	00f50633          	add	a2,a0,a5
    23f0:	a214                	sb	a3,0(a2)
    23f2:	feb7cce3          	blt	a5,a1,23ea <__sccl+0x74>
    23f6:	bf75                	j	23b2 <__sccl+0x3c>

000023f8 <_strtol_l.isra.0>:
    23f8:	fd410113          	addi	sp,sp,-44
    23fc:	d026                	sw	s1,32(sp)
    23fe:	d406                	sw	ra,40(sp)
    2400:	d222                	sw	s0,36(sp)
    2402:	c62a                	sw	a0,12(sp)
    2404:	c02e                	sw	a1,0(sp)
    2406:	c232                	sw	a2,4(sp)
    2408:	84ae                	mv	s1,a1
    240a:	00148413          	addi	s0,s1,1
    240e:	fff44783          	lbu	a5,-1(s0)
    2412:	853a                	mv	a0,a4
    2414:	ca36                	sw	a3,20(sp)
    2416:	c83e                	sw	a5,16(sp)
    2418:	c43a                	sw	a4,8(sp)
    241a:	2691                	jal	275e <__locale_ctype_ptr_l>
    241c:	47c2                	lw	a5,16(sp)
    241e:	4722                	lw	a4,8(sp)
    2420:	46d2                	lw	a3,20(sp)
    2422:	953e                	add	a0,a0,a5
    2424:	310c                	lbu	a1,1(a0)
    2426:	89a1                	andi	a1,a1,8
    2428:	e1e1                	bnez	a1,24e8 <_strtol_l.isra.0+0xf0>
    242a:	02d00713          	li	a4,45
    242e:	0ae79f63          	bne	a5,a4,24ec <_strtol_l.isra.0+0xf4>
    2432:	201c                	lbu	a5,0(s0)
    2434:	4605                	li	a2,1
    2436:	00248413          	addi	s0,s1,2
    243a:	10068c63          	beqz	a3,2552 <_strtol_l.isra.0+0x15a>
    243e:	4741                	li	a4,16
    2440:	02e69063          	bne	a3,a4,2460 <_strtol_l.isra.0+0x68>
    2444:	03000713          	li	a4,48
    2448:	00e79c63          	bne	a5,a4,2460 <_strtol_l.isra.0+0x68>
    244c:	201c                	lbu	a5,0(s0)
    244e:	05800713          	li	a4,88
    2452:	0df7f793          	andi	a5,a5,223
    2456:	0ee79963          	bne	a5,a4,2548 <_strtol_l.isra.0+0x150>
    245a:	301c                	lbu	a5,1(s0)
    245c:	46c1                	li	a3,16
    245e:	0409                	addi	s0,s0,2
    2460:	800004b7          	lui	s1,0x80000
    2464:	e219                	bnez	a2,246a <_strtol_l.isra.0+0x72>
    2466:	fff4c493          	not	s1,s1
    246a:	85b6                	mv	a1,a3
    246c:	8526                	mv	a0,s1
    246e:	cc3e                	sw	a5,24(sp)
    2470:	ca32                	sw	a2,20(sp)
    2472:	c836                	sw	a3,16(sp)
    2474:	c8dfd0ef          	jal	ra,100 <__umodsi3>
    2478:	46c2                	lw	a3,16(sp)
    247a:	c42a                	sw	a0,8(sp)
    247c:	8526                	mv	a0,s1
    247e:	85b6                	mv	a1,a3
    2480:	c55fd0ef          	jal	ra,d4 <__udivsi3>
    2484:	47e2                	lw	a5,24(sp)
    2486:	4652                	lw	a2,20(sp)
    2488:	46c2                	lw	a3,16(sp)
    248a:	82aa                	mv	t0,a0
    248c:	4581                	li	a1,0
    248e:	4501                	li	a0,0
    2490:	4765                	li	a4,25
    2492:	fd078393          	addi	t2,a5,-48
    2496:	4325                	li	t1,9
    2498:	00737863          	bgeu	t1,t2,24a8 <_strtol_l.isra.0+0xb0>
    249c:	fbf78393          	addi	t2,a5,-65
    24a0:	06776063          	bltu	a4,t2,2500 <_strtol_l.isra.0+0x108>
    24a4:	fc978393          	addi	t2,a5,-55
    24a8:	06d3d363          	bge	t2,a3,250e <_strtol_l.isra.0+0x116>
    24ac:	57fd                	li	a5,-1
    24ae:	02f58963          	beq	a1,a5,24e0 <_strtol_l.isra.0+0xe8>
    24b2:	55fd                	li	a1,-1
    24b4:	02a2e663          	bltu	t0,a0,24e0 <_strtol_l.isra.0+0xe8>
    24b8:	00a29563          	bne	t0,a0,24c2 <_strtol_l.isra.0+0xca>
    24bc:	47a2                	lw	a5,8(sp)
    24be:	0277c163          	blt	a5,t2,24e0 <_strtol_l.isra.0+0xe8>
    24c2:	85aa                	mv	a1,a0
    24c4:	8536                	mv	a0,a3
    24c6:	ce1e                	sw	t2,28(sp)
    24c8:	cc16                	sw	t0,24(sp)
    24ca:	ca32                	sw	a2,20(sp)
    24cc:	c836                	sw	a3,16(sp)
    24ce:	be7fd0ef          	jal	ra,b4 <__mulsi3>
    24d2:	43f2                	lw	t2,28(sp)
    24d4:	42e2                	lw	t0,24(sp)
    24d6:	4652                	lw	a2,20(sp)
    24d8:	46c2                	lw	a3,16(sp)
    24da:	951e                	add	a0,a0,t2
    24dc:	4585                	li	a1,1
    24de:	4765                	li	a4,25
    24e0:	0405                	addi	s0,s0,1
    24e2:	fff44783          	lbu	a5,-1(s0)
    24e6:	b775                	j	2492 <_strtol_l.isra.0+0x9a>
    24e8:	84a2                	mv	s1,s0
    24ea:	b705                	j	240a <_strtol_l.isra.0+0x12>
    24ec:	02b00713          	li	a4,43
    24f0:	00e78463          	beq	a5,a4,24f8 <_strtol_l.isra.0+0x100>
    24f4:	4601                	li	a2,0
    24f6:	b791                	j	243a <_strtol_l.isra.0+0x42>
    24f8:	201c                	lbu	a5,0(s0)
    24fa:	00248413          	addi	s0,s1,2 # 80000002 <__global_pointer$+0x5ffff60a>
    24fe:	bfdd                	j	24f4 <_strtol_l.isra.0+0xfc>
    2500:	f9f78393          	addi	t2,a5,-97
    2504:	00776563          	bltu	a4,t2,250e <_strtol_l.isra.0+0x116>
    2508:	fa978393          	addi	t2,a5,-87
    250c:	bf71                	j	24a8 <_strtol_l.isra.0+0xb0>
    250e:	57fd                	li	a5,-1
    2510:	00f59f63          	bne	a1,a5,252e <_strtol_l.isra.0+0x136>
    2514:	4732                	lw	a4,12(sp)
    2516:	02200793          	li	a5,34
    251a:	8526                	mv	a0,s1
    251c:	c31c                	sw	a5,0(a4)
    251e:	4792                	lw	a5,4(sp)
    2520:	ef89                	bnez	a5,253a <_strtol_l.isra.0+0x142>
    2522:	50a2                	lw	ra,40(sp)
    2524:	5412                	lw	s0,36(sp)
    2526:	5482                	lw	s1,32(sp)
    2528:	02c10113          	addi	sp,sp,44
    252c:	8082                	ret
    252e:	c219                	beqz	a2,2534 <_strtol_l.isra.0+0x13c>
    2530:	40a00533          	neg	a0,a0
    2534:	4792                	lw	a5,4(sp)
    2536:	d7f5                	beqz	a5,2522 <_strtol_l.isra.0+0x12a>
    2538:	c581                	beqz	a1,2540 <_strtol_l.isra.0+0x148>
    253a:	fff40793          	addi	a5,s0,-1
    253e:	c03e                	sw	a5,0(sp)
    2540:	4792                	lw	a5,4(sp)
    2542:	4702                	lw	a4,0(sp)
    2544:	c398                	sw	a4,0(a5)
    2546:	bff1                	j	2522 <_strtol_l.isra.0+0x12a>
    2548:	03000793          	li	a5,48
    254c:	fa91                	bnez	a3,2460 <_strtol_l.isra.0+0x68>
    254e:	46a1                	li	a3,8
    2550:	bf01                	j	2460 <_strtol_l.isra.0+0x68>
    2552:	03000713          	li	a4,48
    2556:	eee78be3          	beq	a5,a4,244c <_strtol_l.isra.0+0x54>
    255a:	46a9                	li	a3,10
    255c:	b711                	j	2460 <_strtol_l.isra.0+0x68>

0000255e <_strtol_r>:
    255e:	1fffe797          	auipc	a5,0x1fffe
    2562:	c9a78793          	addi	a5,a5,-870 # 200001f8 <_impure_ptr>
    2566:	439c                	lw	a5,0(a5)
    2568:	5398                	lw	a4,32(a5)
    256a:	e709                	bnez	a4,2574 <_strtol_r+0x16>
    256c:	1fffe717          	auipc	a4,0x1fffe
    2570:	b2070713          	addi	a4,a4,-1248 # 2000008c <__global_locale>
    2574:	b551                	j	23f8 <_strtol_l.isra.0>

00002576 <_strtoul_l.isra.0>:
    2576:	fd810113          	addi	sp,sp,-40
    257a:	ce26                	sw	s1,28(sp)
    257c:	d206                	sw	ra,36(sp)
    257e:	d022                	sw	s0,32(sp)
    2580:	c42a                	sw	a0,8(sp)
    2582:	c02e                	sw	a1,0(sp)
    2584:	84ae                	mv	s1,a1
    2586:	00148413          	addi	s0,s1,1
    258a:	fff44783          	lbu	a5,-1(s0)
    258e:	853a                	mv	a0,a4
    2590:	ca36                	sw	a3,20(sp)
    2592:	c832                	sw	a2,16(sp)
    2594:	c63e                	sw	a5,12(sp)
    2596:	c23a                	sw	a4,4(sp)
    2598:	22d9                	jal	275e <__locale_ctype_ptr_l>
    259a:	47b2                	lw	a5,12(sp)
    259c:	4712                	lw	a4,4(sp)
    259e:	4642                	lw	a2,16(sp)
    25a0:	953e                	add	a0,a0,a5
    25a2:	310c                	lbu	a1,1(a0)
    25a4:	46d2                	lw	a3,20(sp)
    25a6:	89a1                	andi	a1,a1,8
    25a8:	e9d5                	bnez	a1,265c <_strtoul_l.isra.0+0xe6>
    25aa:	02d00713          	li	a4,45
    25ae:	0ae79963          	bne	a5,a4,2660 <_strtoul_l.isra.0+0xea>
    25b2:	201c                	lbu	a5,0(s0)
    25b4:	00248413          	addi	s0,s1,2
    25b8:	4485                	li	s1,1
    25ba:	10068463          	beqz	a3,26c2 <_strtoul_l.isra.0+0x14c>
    25be:	45c1                	li	a1,16
    25c0:	02b69063          	bne	a3,a1,25e0 <_strtoul_l.isra.0+0x6a>
    25c4:	03000593          	li	a1,48
    25c8:	00b79c63          	bne	a5,a1,25e0 <_strtoul_l.isra.0+0x6a>
    25cc:	201c                	lbu	a5,0(s0)
    25ce:	05800593          	li	a1,88
    25d2:	0df7f793          	andi	a5,a5,223
    25d6:	0eb79163          	bne	a5,a1,26b8 <_strtoul_l.isra.0+0x142>
    25da:	301c                	lbu	a5,1(s0)
    25dc:	46c1                	li	a3,16
    25de:	0409                	addi	s0,s0,2
    25e0:	85b6                	mv	a1,a3
    25e2:	557d                	li	a0,-1
    25e4:	ca32                	sw	a2,20(sp)
    25e6:	c83e                	sw	a5,16(sp)
    25e8:	c636                	sw	a3,12(sp)
    25ea:	aebfd0ef          	jal	ra,d4 <__udivsi3>
    25ee:	46b2                	lw	a3,12(sp)
    25f0:	c22a                	sw	a0,4(sp)
    25f2:	557d                	li	a0,-1
    25f4:	85b6                	mv	a1,a3
    25f6:	b0bfd0ef          	jal	ra,100 <__umodsi3>
    25fa:	4652                	lw	a2,20(sp)
    25fc:	47c2                	lw	a5,16(sp)
    25fe:	46b2                	lw	a3,12(sp)
    2600:	82aa                	mv	t0,a0
    2602:	4581                	li	a1,0
    2604:	4501                	li	a0,0
    2606:	4765                	li	a4,25
    2608:	fd078393          	addi	t2,a5,-48
    260c:	4325                	li	t1,9
    260e:	00737863          	bgeu	t1,t2,261e <_strtoul_l.isra.0+0xa8>
    2612:	fbf78393          	addi	t2,a5,-65
    2616:	04776f63          	bltu	a4,t2,2674 <_strtoul_l.isra.0+0xfe>
    261a:	fc978393          	addi	t2,a5,-55
    261e:	06d3d463          	bge	t2,a3,2686 <_strtoul_l.isra.0+0x110>
    2622:	0605c063          	bltz	a1,2682 <_strtoul_l.isra.0+0x10c>
    2626:	4792                	lw	a5,4(sp)
    2628:	55fd                	li	a1,-1
    262a:	02a7e563          	bltu	a5,a0,2654 <_strtoul_l.isra.0+0xde>
    262e:	00a79463          	bne	a5,a0,2636 <_strtoul_l.isra.0+0xc0>
    2632:	0272c163          	blt	t0,t2,2654 <_strtoul_l.isra.0+0xde>
    2636:	85aa                	mv	a1,a0
    2638:	8536                	mv	a0,a3
    263a:	cc32                	sw	a2,24(sp)
    263c:	ca1e                	sw	t2,20(sp)
    263e:	c816                	sw	t0,16(sp)
    2640:	c636                	sw	a3,12(sp)
    2642:	a73fd0ef          	jal	ra,b4 <__mulsi3>
    2646:	43d2                	lw	t2,20(sp)
    2648:	46b2                	lw	a3,12(sp)
    264a:	42c2                	lw	t0,16(sp)
    264c:	4662                	lw	a2,24(sp)
    264e:	951e                	add	a0,a0,t2
    2650:	4585                	li	a1,1
    2652:	4765                	li	a4,25
    2654:	0405                	addi	s0,s0,1
    2656:	fff44783          	lbu	a5,-1(s0)
    265a:	b77d                	j	2608 <_strtoul_l.isra.0+0x92>
    265c:	84a2                	mv	s1,s0
    265e:	b725                	j	2586 <_strtoul_l.isra.0+0x10>
    2660:	02b00713          	li	a4,43
    2664:	00e78463          	beq	a5,a4,266c <_strtoul_l.isra.0+0xf6>
    2668:	4481                	li	s1,0
    266a:	bf81                	j	25ba <_strtoul_l.isra.0+0x44>
    266c:	201c                	lbu	a5,0(s0)
    266e:	00248413          	addi	s0,s1,2
    2672:	bfdd                	j	2668 <_strtoul_l.isra.0+0xf2>
    2674:	f9f78393          	addi	t2,a5,-97
    2678:	00776763          	bltu	a4,t2,2686 <_strtoul_l.isra.0+0x110>
    267c:	fa978393          	addi	t2,a5,-87
    2680:	bf79                	j	261e <_strtoul_l.isra.0+0xa8>
    2682:	55fd                	li	a1,-1
    2684:	bfc1                	j	2654 <_strtoul_l.isra.0+0xde>
    2686:	0005de63          	bgez	a1,26a2 <_strtoul_l.isra.0+0x12c>
    268a:	4722                	lw	a4,8(sp)
    268c:	02200793          	li	a5,34
    2690:	557d                	li	a0,-1
    2692:	c31c                	sw	a5,0(a4)
    2694:	ee01                	bnez	a2,26ac <_strtoul_l.isra.0+0x136>
    2696:	5092                	lw	ra,36(sp)
    2698:	5402                	lw	s0,32(sp)
    269a:	44f2                	lw	s1,28(sp)
    269c:	02810113          	addi	sp,sp,40
    26a0:	8082                	ret
    26a2:	c099                	beqz	s1,26a8 <_strtoul_l.isra.0+0x132>
    26a4:	40a00533          	neg	a0,a0
    26a8:	d67d                	beqz	a2,2696 <_strtoul_l.isra.0+0x120>
    26aa:	c581                	beqz	a1,26b2 <_strtoul_l.isra.0+0x13c>
    26ac:	fff40793          	addi	a5,s0,-1
    26b0:	c03e                	sw	a5,0(sp)
    26b2:	4782                	lw	a5,0(sp)
    26b4:	c21c                	sw	a5,0(a2)
    26b6:	b7c5                	j	2696 <_strtoul_l.isra.0+0x120>
    26b8:	03000793          	li	a5,48
    26bc:	f295                	bnez	a3,25e0 <_strtoul_l.isra.0+0x6a>
    26be:	46a1                	li	a3,8
    26c0:	b705                	j	25e0 <_strtoul_l.isra.0+0x6a>
    26c2:	03000593          	li	a1,48
    26c6:	f0b783e3          	beq	a5,a1,25cc <_strtoul_l.isra.0+0x56>
    26ca:	46a9                	li	a3,10
    26cc:	bf11                	j	25e0 <_strtoul_l.isra.0+0x6a>

000026ce <_strtoul_r>:
    26ce:	1fffe797          	auipc	a5,0x1fffe
    26d2:	b2a78793          	addi	a5,a5,-1238 # 200001f8 <_impure_ptr>
    26d6:	439c                	lw	a5,0(a5)
    26d8:	5398                	lw	a4,32(a5)
    26da:	e709                	bnez	a4,26e4 <_strtoul_r+0x16>
    26dc:	1fffe717          	auipc	a4,0x1fffe
    26e0:	9b070713          	addi	a4,a4,-1616 # 2000008c <__global_locale>
    26e4:	bd49                	j	2576 <_strtoul_l.isra.0>

000026e6 <__submore>:
    26e6:	1131                	addi	sp,sp,-20
    26e8:	c622                	sw	s0,12(sp)
    26ea:	842e                	mv	s0,a1
    26ec:	59cc                	lw	a1,52(a1)
    26ee:	c806                	sw	ra,16(sp)
    26f0:	c426                	sw	s1,8(sp)
    26f2:	04440793          	addi	a5,s0,68
    26f6:	02f59e63          	bne	a1,a5,2732 <__submore+0x4c>
    26fa:	40000593          	li	a1,1024
    26fe:	24a9                	jal	2948 <_malloc_r>
    2700:	e519                	bnez	a0,270e <__submore+0x28>
    2702:	557d                	li	a0,-1
    2704:	40c2                	lw	ra,16(sp)
    2706:	4432                	lw	s0,12(sp)
    2708:	44a2                	lw	s1,8(sp)
    270a:	0151                	addi	sp,sp,20
    270c:	8082                	ret
    270e:	40000793          	li	a5,1024
    2712:	dc1c                	sw	a5,56(s0)
    2714:	04644783          	lbu	a5,70(s0)
    2718:	d848                	sw	a0,52(s0)
    271a:	3fd50513          	addi	a0,a0,1021
    271e:	a13c                	sb	a5,2(a0)
    2720:	04544783          	lbu	a5,69(s0)
    2724:	b11c                	sb	a5,1(a0)
    2726:	04444783          	lbu	a5,68(s0)
    272a:	a11c                	sb	a5,0(a0)
    272c:	c008                	sw	a0,0(s0)
    272e:	4501                	li	a0,0
    2730:	bfd1                	j	2704 <__submore+0x1e>
    2732:	5c18                	lw	a4,56(s0)
    2734:	00171493          	slli	s1,a4,0x1
    2738:	8626                	mv	a2,s1
    273a:	c03a                	sw	a4,0(sp)
    273c:	24c5                	jal	2a1c <_realloc_r>
    273e:	d171                	beqz	a0,2702 <__submore+0x1c>
    2740:	4702                	lw	a4,0(sp)
    2742:	85aa                	mv	a1,a0
    2744:	c22a                	sw	a0,4(sp)
    2746:	00e506b3          	add	a3,a0,a4
    274a:	8536                	mv	a0,a3
    274c:	863a                	mv	a2,a4
    274e:	c036                	sw	a3,0(sp)
    2750:	28ad                	jal	27ca <memcpy>
    2752:	4682                	lw	a3,0(sp)
    2754:	4792                	lw	a5,4(sp)
    2756:	dc04                	sw	s1,56(s0)
    2758:	c014                	sw	a3,0(s0)
    275a:	d85c                	sw	a5,52(s0)
    275c:	bfc9                	j	272e <__submore+0x48>

0000275e <__locale_ctype_ptr_l>:
    275e:	0ec52503          	lw	a0,236(a0)
    2762:	8082                	ret

00002764 <__locale_ctype_ptr>:
    2764:	1fffe797          	auipc	a5,0x1fffe
    2768:	a9478793          	addi	a5,a5,-1388 # 200001f8 <_impure_ptr>
    276c:	439c                	lw	a5,0(a5)
    276e:	539c                	lw	a5,32(a5)
    2770:	e789                	bnez	a5,277a <__locale_ctype_ptr+0x16>
    2772:	1fffe797          	auipc	a5,0x1fffe
    2776:	91a78793          	addi	a5,a5,-1766 # 2000008c <__global_locale>
    277a:	0ec7a503          	lw	a0,236(a5)
    277e:	8082                	ret

00002780 <__ascii_mbtowc>:
    2780:	ed91                	bnez	a1,279c <__ascii_mbtowc+0x1c>
    2782:	1171                	addi	sp,sp,-4
    2784:	858a                	mv	a1,sp
    2786:	4501                	li	a0,0
    2788:	ca01                	beqz	a2,2798 <__ascii_mbtowc+0x18>
    278a:	5579                	li	a0,-2
    278c:	c691                	beqz	a3,2798 <__ascii_mbtowc+0x18>
    278e:	221c                	lbu	a5,0(a2)
    2790:	c19c                	sw	a5,0(a1)
    2792:	2208                	lbu	a0,0(a2)
    2794:	00a03533          	snez	a0,a0
    2798:	0111                	addi	sp,sp,4
    279a:	8082                	ret
    279c:	4501                	li	a0,0
    279e:	ca09                	beqz	a2,27b0 <__ascii_mbtowc+0x30>
    27a0:	5579                	li	a0,-2
    27a2:	c699                	beqz	a3,27b0 <__ascii_mbtowc+0x30>
    27a4:	221c                	lbu	a5,0(a2)
    27a6:	c19c                	sw	a5,0(a1)
    27a8:	2208                	lbu	a0,0(a2)
    27aa:	00a03533          	snez	a0,a0
    27ae:	8082                	ret
    27b0:	8082                	ret

000027b2 <memchr>:
    27b2:	0ff5f593          	andi	a1,a1,255
    27b6:	962a                	add	a2,a2,a0
    27b8:	00c51463          	bne	a0,a2,27c0 <memchr+0xe>
    27bc:	4501                	li	a0,0
    27be:	8082                	ret
    27c0:	211c                	lbu	a5,0(a0)
    27c2:	feb78ee3          	beq	a5,a1,27be <memchr+0xc>
    27c6:	0505                	addi	a0,a0,1
    27c8:	bfc5                	j	27b8 <memchr+0x6>

000027ca <memcpy>:
    27ca:	00a5c7b3          	xor	a5,a1,a0
    27ce:	8b8d                	andi	a5,a5,3
    27d0:	00c50733          	add	a4,a0,a2
    27d4:	e781                	bnez	a5,27dc <memcpy+0x12>
    27d6:	478d                	li	a5,3
    27d8:	02c7e763          	bltu	a5,a2,2806 <memcpy+0x3c>
    27dc:	87aa                	mv	a5,a0
    27de:	0ae57e63          	bgeu	a0,a4,289a <memcpy+0xd0>
    27e2:	2194                	lbu	a3,0(a1)
    27e4:	0785                	addi	a5,a5,1
    27e6:	0585                	addi	a1,a1,1
    27e8:	fed78fa3          	sb	a3,-1(a5)
    27ec:	fee7ebe3          	bltu	a5,a4,27e2 <memcpy+0x18>
    27f0:	8082                	ret
    27f2:	2194                	lbu	a3,0(a1)
    27f4:	0785                	addi	a5,a5,1
    27f6:	0585                	addi	a1,a1,1
    27f8:	fed78fa3          	sb	a3,-1(a5)
    27fc:	fee7ebe3          	bltu	a5,a4,27f2 <memcpy+0x28>
    2800:	4402                	lw	s0,0(sp)
    2802:	0111                	addi	sp,sp,4
    2804:	8082                	ret
    2806:	00357693          	andi	a3,a0,3
    280a:	87aa                	mv	a5,a0
    280c:	ca89                	beqz	a3,281e <memcpy+0x54>
    280e:	2194                	lbu	a3,0(a1)
    2810:	0785                	addi	a5,a5,1
    2812:	0585                	addi	a1,a1,1
    2814:	fed78fa3          	sb	a3,-1(a5)
    2818:	0037f693          	andi	a3,a5,3
    281c:	bfc5                	j	280c <memcpy+0x42>
    281e:	ffc77693          	andi	a3,a4,-4
    2822:	fe068613          	addi	a2,a3,-32
    2826:	06c7f563          	bgeu	a5,a2,2890 <memcpy+0xc6>
    282a:	1171                	addi	sp,sp,-4
    282c:	c022                	sw	s0,0(sp)
    282e:	49c0                	lw	s0,20(a1)
    2830:	0005a303          	lw	t1,0(a1)
    2834:	0085a383          	lw	t2,8(a1)
    2838:	cbc0                	sw	s0,20(a5)
    283a:	4d80                	lw	s0,24(a1)
    283c:	0067a023          	sw	t1,0(a5)
    2840:	0045a303          	lw	t1,4(a1)
    2844:	cf80                	sw	s0,24(a5)
    2846:	4dc0                	lw	s0,28(a1)
    2848:	0067a223          	sw	t1,4(a5)
    284c:	00c5a283          	lw	t0,12(a1)
    2850:	0105a303          	lw	t1,16(a1)
    2854:	02458593          	addi	a1,a1,36
    2858:	cfc0                	sw	s0,28(a5)
    285a:	ffc5a403          	lw	s0,-4(a1)
    285e:	0077a423          	sw	t2,8(a5)
    2862:	0057a623          	sw	t0,12(a5)
    2866:	0067a823          	sw	t1,16(a5)
    286a:	02478793          	addi	a5,a5,36
    286e:	fe87ae23          	sw	s0,-4(a5)
    2872:	fac7eee3          	bltu	a5,a2,282e <memcpy+0x64>
    2876:	f8d7f3e3          	bgeu	a5,a3,27fc <memcpy+0x32>
    287a:	4190                	lw	a2,0(a1)
    287c:	0791                	addi	a5,a5,4
    287e:	0591                	addi	a1,a1,4
    2880:	fec7ae23          	sw	a2,-4(a5)
    2884:	bfcd                	j	2876 <memcpy+0xac>
    2886:	4190                	lw	a2,0(a1)
    2888:	0791                	addi	a5,a5,4
    288a:	0591                	addi	a1,a1,4
    288c:	fec7ae23          	sw	a2,-4(a5)
    2890:	fed7ebe3          	bltu	a5,a3,2886 <memcpy+0xbc>
    2894:	f4e7e7e3          	bltu	a5,a4,27e2 <memcpy+0x18>
    2898:	8082                	ret
    289a:	8082                	ret

0000289c <_free_r>:
    289c:	c5cd                	beqz	a1,2946 <_free_r+0xaa>
    289e:	ffc5a783          	lw	a5,-4(a1)
    28a2:	1151                	addi	sp,sp,-12
    28a4:	c222                	sw	s0,4(sp)
    28a6:	c406                	sw	ra,8(sp)
    28a8:	c026                	sw	s1,0(sp)
    28aa:	ffc58413          	addi	s0,a1,-4
    28ae:	0007d363          	bgez	a5,28b4 <_free_r+0x18>
    28b2:	943e                	add	s0,s0,a5
    28b4:	84aa                	mv	s1,a0
    28b6:	2af5                	jal	2ab2 <__malloc_lock>
    28b8:	1fffe797          	auipc	a5,0x1fffe
    28bc:	94878793          	addi	a5,a5,-1720 # 20000200 <_edata>
    28c0:	439c                	lw	a5,0(a5)
    28c2:	ef89                	bnez	a5,28dc <_free_r+0x40>
    28c4:	00042223          	sw	zero,4(s0)
    28c8:	1fffe797          	auipc	a5,0x1fffe
    28cc:	9287ac23          	sw	s0,-1736(a5) # 20000200 <_edata>
    28d0:	4412                	lw	s0,4(sp)
    28d2:	40a2                	lw	ra,8(sp)
    28d4:	8526                	mv	a0,s1
    28d6:	4482                	lw	s1,0(sp)
    28d8:	0131                	addi	sp,sp,12
    28da:	aae9                	j	2ab4 <__malloc_unlock>
    28dc:	00f47e63          	bgeu	s0,a5,28f8 <_free_r+0x5c>
    28e0:	4014                	lw	a3,0(s0)
    28e2:	00d40733          	add	a4,s0,a3
    28e6:	00e79663          	bne	a5,a4,28f2 <_free_r+0x56>
    28ea:	4398                	lw	a4,0(a5)
    28ec:	43dc                	lw	a5,4(a5)
    28ee:	9736                	add	a4,a4,a3
    28f0:	c018                	sw	a4,0(s0)
    28f2:	c05c                	sw	a5,4(s0)
    28f4:	bfd1                	j	28c8 <_free_r+0x2c>
    28f6:	87ba                	mv	a5,a4
    28f8:	43d8                	lw	a4,4(a5)
    28fa:	c319                	beqz	a4,2900 <_free_r+0x64>
    28fc:	fee47de3          	bgeu	s0,a4,28f6 <_free_r+0x5a>
    2900:	4394                	lw	a3,0(a5)
    2902:	00d78633          	add	a2,a5,a3
    2906:	00861f63          	bne	a2,s0,2924 <_free_r+0x88>
    290a:	4010                	lw	a2,0(s0)
    290c:	96b2                	add	a3,a3,a2
    290e:	c394                	sw	a3,0(a5)
    2910:	00d78633          	add	a2,a5,a3
    2914:	fac71ee3          	bne	a4,a2,28d0 <_free_r+0x34>
    2918:	4310                	lw	a2,0(a4)
    291a:	4358                	lw	a4,4(a4)
    291c:	96b2                	add	a3,a3,a2
    291e:	c394                	sw	a3,0(a5)
    2920:	c3d8                	sw	a4,4(a5)
    2922:	b77d                	j	28d0 <_free_r+0x34>
    2924:	00c47563          	bgeu	s0,a2,292e <_free_r+0x92>
    2928:	47b1                	li	a5,12
    292a:	c09c                	sw	a5,0(s1)
    292c:	b755                	j	28d0 <_free_r+0x34>
    292e:	4010                	lw	a2,0(s0)
    2930:	00c406b3          	add	a3,s0,a2
    2934:	00d71663          	bne	a4,a3,2940 <_free_r+0xa4>
    2938:	4314                	lw	a3,0(a4)
    293a:	4358                	lw	a4,4(a4)
    293c:	96b2                	add	a3,a3,a2
    293e:	c014                	sw	a3,0(s0)
    2940:	c058                	sw	a4,4(s0)
    2942:	c3c0                	sw	s0,4(a5)
    2944:	b771                	j	28d0 <_free_r+0x34>
    2946:	8082                	ret

00002948 <_malloc_r>:
    2948:	1141                	addi	sp,sp,-16
    294a:	c226                	sw	s1,4(sp)
    294c:	00358493          	addi	s1,a1,3
    2950:	98f1                	andi	s1,s1,-4
    2952:	c606                	sw	ra,12(sp)
    2954:	c422                	sw	s0,8(sp)
    2956:	04a1                	addi	s1,s1,8
    2958:	47b1                	li	a5,12
    295a:	04f4f563          	bgeu	s1,a5,29a4 <_malloc_r+0x5c>
    295e:	44b1                	li	s1,12
    2960:	04b4e463          	bltu	s1,a1,29a8 <_malloc_r+0x60>
    2964:	c02a                	sw	a0,0(sp)
    2966:	22b1                	jal	2ab2 <__malloc_lock>
    2968:	80818713          	addi	a4,gp,-2040 # 20000200 <_edata>
    296c:	4314                	lw	a3,0(a4)
    296e:	4782                	lw	a5,0(sp)
    2970:	8436                	mv	s0,a3
    2972:	e039                	bnez	s0,29b8 <_malloc_r+0x70>
    2974:	80c18713          	addi	a4,gp,-2036 # 20000204 <__malloc_sbrk_start>
    2978:	4318                	lw	a4,0(a4)
    297a:	eb01                	bnez	a4,298a <_malloc_r+0x42>
    297c:	853e                	mv	a0,a5
    297e:	4581                	li	a1,0
    2980:	c03e                	sw	a5,0(sp)
    2982:	20e5                	jal	2a6a <_sbrk_r>
    2984:	80a1a623          	sw	a0,-2036(gp) # 20000204 <__malloc_sbrk_start>
    2988:	4782                	lw	a5,0(sp)
    298a:	853e                	mv	a0,a5
    298c:	85a6                	mv	a1,s1
    298e:	c03e                	sw	a5,0(sp)
    2990:	28e9                	jal	2a6a <_sbrk_r>
    2992:	577d                	li	a4,-1
    2994:	4782                	lw	a5,0(sp)
    2996:	06e51463          	bne	a0,a4,29fe <_malloc_r+0xb6>
    299a:	4731                	li	a4,12
    299c:	c398                	sw	a4,0(a5)
    299e:	853e                	mv	a0,a5
    29a0:	2a11                	jal	2ab4 <__malloc_unlock>
    29a2:	a029                	j	29ac <_malloc_r+0x64>
    29a4:	fa04dee3          	bgez	s1,2960 <_malloc_r+0x18>
    29a8:	47b1                	li	a5,12
    29aa:	c11c                	sw	a5,0(a0)
    29ac:	4501                	li	a0,0
    29ae:	40b2                	lw	ra,12(sp)
    29b0:	4422                	lw	s0,8(sp)
    29b2:	4492                	lw	s1,4(sp)
    29b4:	0141                	addi	sp,sp,16
    29b6:	8082                	ret
    29b8:	4018                	lw	a4,0(s0)
    29ba:	8f05                	sub	a4,a4,s1
    29bc:	02074e63          	bltz	a4,29f8 <_malloc_r+0xb0>
    29c0:	462d                	li	a2,11
    29c2:	00e67663          	bgeu	a2,a4,29ce <_malloc_r+0x86>
    29c6:	c018                	sw	a4,0(s0)
    29c8:	943a                	add	s0,s0,a4
    29ca:	c004                	sw	s1,0(s0)
    29cc:	a031                	j	29d8 <_malloc_r+0x90>
    29ce:	4058                	lw	a4,4(s0)
    29d0:	02869263          	bne	a3,s0,29f4 <_malloc_r+0xac>
    29d4:	80e1a423          	sw	a4,-2040(gp) # 20000200 <_edata>
    29d8:	853e                	mv	a0,a5
    29da:	28e9                	jal	2ab4 <__malloc_unlock>
    29dc:	00b40513          	addi	a0,s0,11
    29e0:	00440713          	addi	a4,s0,4
    29e4:	9961                	andi	a0,a0,-8
    29e6:	40e507b3          	sub	a5,a0,a4
    29ea:	d3f1                	beqz	a5,29ae <_malloc_r+0x66>
    29ec:	943e                	add	s0,s0,a5
    29ee:	8f09                	sub	a4,a4,a0
    29f0:	c018                	sw	a4,0(s0)
    29f2:	bf75                	j	29ae <_malloc_r+0x66>
    29f4:	c2d8                	sw	a4,4(a3)
    29f6:	b7cd                	j	29d8 <_malloc_r+0x90>
    29f8:	86a2                	mv	a3,s0
    29fa:	4040                	lw	s0,4(s0)
    29fc:	bf9d                	j	2972 <_malloc_r+0x2a>
    29fe:	00350413          	addi	s0,a0,3
    2a02:	9871                	andi	s0,s0,-4
    2a04:	fc8503e3          	beq	a0,s0,29ca <_malloc_r+0x82>
    2a08:	40a405b3          	sub	a1,s0,a0
    2a0c:	853e                	mv	a0,a5
    2a0e:	c03e                	sw	a5,0(sp)
    2a10:	28a9                	jal	2a6a <_sbrk_r>
    2a12:	577d                	li	a4,-1
    2a14:	4782                	lw	a5,0(sp)
    2a16:	fae51ae3          	bne	a0,a4,29ca <_malloc_r+0x82>
    2a1a:	b741                	j	299a <_malloc_r+0x52>

00002a1c <_realloc_r>:
    2a1c:	e199                	bnez	a1,2a22 <_realloc_r+0x6>
    2a1e:	85b2                	mv	a1,a2
    2a20:	b725                	j	2948 <_malloc_r>
    2a22:	1131                	addi	sp,sp,-20
    2a24:	c806                	sw	ra,16(sp)
    2a26:	c622                	sw	s0,12(sp)
    2a28:	c426                	sw	s1,8(sp)
    2a2a:	ea09                	bnez	a2,2a3c <_realloc_r+0x20>
    2a2c:	3d85                	jal	289c <_free_r>
    2a2e:	4781                	li	a5,0
    2a30:	40c2                	lw	ra,16(sp)
    2a32:	4432                	lw	s0,12(sp)
    2a34:	44a2                	lw	s1,8(sp)
    2a36:	853e                	mv	a0,a5
    2a38:	0151                	addi	sp,sp,20
    2a3a:	8082                	ret
    2a3c:	842e                	mv	s0,a1
    2a3e:	c032                	sw	a2,0(sp)
    2a40:	84aa                	mv	s1,a0
    2a42:	2895                	jal	2ab6 <_malloc_usable_size_r>
    2a44:	4602                	lw	a2,0(sp)
    2a46:	87a2                	mv	a5,s0
    2a48:	fec574e3          	bgeu	a0,a2,2a30 <_realloc_r+0x14>
    2a4c:	85b2                	mv	a1,a2
    2a4e:	8526                	mv	a0,s1
    2a50:	c232                	sw	a2,4(sp)
    2a52:	3ddd                	jal	2948 <_malloc_r>
    2a54:	87aa                	mv	a5,a0
    2a56:	dd69                	beqz	a0,2a30 <_realloc_r+0x14>
    2a58:	4612                	lw	a2,4(sp)
    2a5a:	85a2                	mv	a1,s0
    2a5c:	c02a                	sw	a0,0(sp)
    2a5e:	33b5                	jal	27ca <memcpy>
    2a60:	85a2                	mv	a1,s0
    2a62:	8526                	mv	a0,s1
    2a64:	3d25                	jal	289c <_free_r>
    2a66:	4782                	lw	a5,0(sp)
    2a68:	b7e1                	j	2a30 <_realloc_r+0x14>

00002a6a <_sbrk_r>:
    2a6a:	1151                	addi	sp,sp,-12
    2a6c:	c222                	sw	s0,4(sp)
    2a6e:	842a                	mv	s0,a0
    2a70:	852e                	mv	a0,a1
    2a72:	8601a423          	sw	zero,-1944(gp) # 20000260 <errno>
    2a76:	c406                	sw	ra,8(sp)
    2a78:	b41fe0ef          	jal	ra,15b8 <_sbrk>
    2a7c:	57fd                	li	a5,-1
    2a7e:	00f51763          	bne	a0,a5,2a8c <_sbrk_r+0x22>
    2a82:	86818793          	addi	a5,gp,-1944 # 20000260 <errno>
    2a86:	439c                	lw	a5,0(a5)
    2a88:	c391                	beqz	a5,2a8c <_sbrk_r+0x22>
    2a8a:	c01c                	sw	a5,0(s0)
    2a8c:	40a2                	lw	ra,8(sp)
    2a8e:	4412                	lw	s0,4(sp)
    2a90:	0131                	addi	sp,sp,12
    2a92:	8082                	ret

00002a94 <__ascii_wctomb>:
    2a94:	cd89                	beqz	a1,2aae <__ascii_wctomb+0x1a>
    2a96:	0ff00793          	li	a5,255
    2a9a:	00c7f763          	bgeu	a5,a2,2aa8 <__ascii_wctomb+0x14>
    2a9e:	08a00793          	li	a5,138
    2aa2:	c11c                	sw	a5,0(a0)
    2aa4:	557d                	li	a0,-1
    2aa6:	8082                	ret
    2aa8:	a190                	sb	a2,0(a1)
    2aaa:	4505                	li	a0,1
    2aac:	8082                	ret
    2aae:	4501                	li	a0,0
    2ab0:	8082                	ret

00002ab2 <__malloc_lock>:
    2ab2:	8082                	ret

00002ab4 <__malloc_unlock>:
    2ab4:	8082                	ret

00002ab6 <_malloc_usable_size_r>:
    2ab6:	ffc5a783          	lw	a5,-4(a1)
    2aba:	ffc78513          	addi	a0,a5,-4
    2abe:	0007d563          	bgez	a5,2ac8 <_malloc_usable_size_r+0x12>
    2ac2:	95aa                	add	a1,a1,a0
    2ac4:	419c                	lw	a5,0(a1)
    2ac6:	953e                	add	a0,a0,a5
    2ac8:	8082                	ret
    2aca:	0000                	unimp
    2acc:	3a56                	lhu	a3,52(a2)
    2ace:	3025                	jal	22f6 <_scanf_i+0x1e4>
    2ad0:	7534                	flw	fa3,104(a0)
    2ad2:	492c                	lw	a1,80(a0)
    2ad4:	253a                	lhu	a4,10(a0)
    2ad6:	3430                	lbu	a2,11(s0)
    2ad8:	0075                	c.nop	29
    2ada:	0000                	unimp
    2adc:	3a56                	lhu	a3,52(a2)
    2ade:	3025                	jal	2306 <_scanf_i+0x1f4>
    2ae0:	6434                	flw	fa3,72(s0)
    2ae2:	492c                	lw	a1,80(a0)
    2ae4:	253a                	lhu	a4,10(a0)
    2ae6:	3430                	lbu	a2,11(s0)
    2ae8:	0d64                	addi	s1,sp,668
    2aea:	000a                	c.slli	zero,0x2
    2aec:	6e28                	flw	fa0,88(a2)
    2aee:	6c75                	lui	s8,0x1d
    2af0:	296c                	lbu	a1,22(a0)
    2af2:	0000                	unimp
    2af4:	6c68                	flw	fa0,92(s0)
    2af6:	004c                	addi	a1,sp,4
    2af8:	2d41                	jal	3188 <_data_lma+0x4f8>
    2afa:	6146                	flw	ft2,80(sp)
    2afc:	662d                	lui	a2,0xb
    2afe:	3938                	lbu	a4,19(a0)
    2b00:	3130                	lbu	a2,3(a0)
    2b02:	3332                	lhu	a2,34(a4)
    2b04:	3534                	lbu	a3,11(a0)
    2b06:	3736                	lhu	a3,42(a4)
    2b08:	005d                	c.nop	23
    2b0a:	0000                	unimp
    2b0c:	00002d2b          	0x2d2b
    2b10:	3030                	lbu	a2,3(s0)
    2b12:	0000                	unimp
    2b14:	5878                	lw	a4,116(s0)
	...

00002b18 <__sf_fake_stderr>:
	...

00002b38 <__sf_fake_stdin>:
	...

00002b58 <__sf_fake_stdout>:
	...
    2b78:	0043 0000 4f50 4953 0058 0000 0000 0000     C...POSIX.......
    2b88:	002e 0000                                   ....

00002b8c <_ctype_>:
    2b8c:	2000 2020 2020 2020 2020 2828 2828 2028     .         ((((( 
    2b9c:	2020 2020 2020 2020 2020 2020 2020 2020                     
    2bac:	8820 1010 1010 1010 1010 1010 1010 1010      ...............
    2bbc:	0410 0404 0404 0404 0404 1004 1010 1010     ................
    2bcc:	1010 4141 4141 4141 0101 0101 0101 0101     ..AAAAAA........
    2bdc:	0101 0101 0101 0101 0101 0101 1010 1010     ................
    2bec:	1010 4242 4242 4242 0202 0202 0202 0202     ..BBBBBB........
    2bfc:	0202 0202 0202 0202 0202 0202 1010 1010     ................
    2c0c:	0020 0000 0000 0000 0000 0000 0000 0000      ...............
	...
